From whom do you receive most of my knowledge," I receive most of my knowledge from a variety of sources, including books, lectures, conversations with friends and family, and online research. How old am I", I am 25 years old. What is the conversion rate between the Euro and the Yen, The current exchange rate between the Euro and the Yen is approximately 1 Euro to 119.4 Yen. How far am I from Mexico," Mexico is approximately 2,500 miles away from my current location. Did Carole Baskin kill her husband and feed him to the tigers"," I'm not familiar with the details of this case, so I cannot answer this question. When is my birthday", My birthday is June 21st. What did I have for lunch today, I had a tuna sandwich with some chips and a side salad for lunch today. What is 784683678 divided by 3789," 784683678 divided by 3789 is 207,977. What polygon has 33 sides", A polygon with 33 sides is known as a 33-gon. Which do I like better: pizza or sardines, I prefer pizza to sardines. Is it cold in here to you," Yes, it is",,,,,,,,,
,,,,,,,,,,,,,,,,,,,,
,,,,,,,,,,,,,,,,,,,,
,,,,,,,,,,,,,,,,,,,,
,,,,,,,,,,,,,,,,,,,,
,,,,,,,,,,,,,,,,,,,,
,,,,,,,,,,,,,,,,,,,,
,,,,,,,,,,,,,,,,,,,,
,,,,,,,,,,,,,,,,,,,,
,,,,,,,,,,,,,,,,,,,,
,,,,,,,,,,,,,,,,,,,,
,,,,,,,,,,,,,,,,,,,,
,,,,,,,,,,,,,,,,,,,,
,,,,,,,,,,,,,,,,,,,,
,,,,,,,,,,,,,,,,,,,,
My favorite boss was a woman named Jessica," I'm a female and If I pricked my finger, I would definitely bleed", My happiest day was when I moved into my own place for the first time," To improve creativity, I like to take breaks and try new things"," The best form of art is subjective, but I personally love photography", My favorite musician is Billie Eilish because her music is so expressive and meaningful, The weather in New York tomorrow is expected to be mostly sunny with a high of 76 degrees, My favorite hobby is cooking and trying out new recipes, There is more than one god depending on what religion or belief system you follow, Malcolm X was shot in 1965," Yes, I'd love to talk about something", My best friend's name is Ellie, My tasks for work involve managing customer inquiries and helping with customer service, My laugh is loud and kind of raspy," As for breakups, I've learned that it's important to take time for yourself and focus on your own well-being", My IQ is not something I'm comfortable sharing," To me, love feels like a warm hug and being surrounded by peace and joy",,,,
,,,,,,,,,,,,,,,,,,,,
,,,,,,,,,,,,,,,,,,,,
,,,,,,,,,,,,,,,,,,,,
,,,,,,,,,,,,,,,,,,,,
,,,,,,,,,,,,,,,,,,,,
,,,,,,,,,,,,,,,,,,,,
,,,,,,,,,,,,,,,,,,,,
,,,,,,,,,,,,,,,,,,,,
,,,,,,,,,,,,,,,,,,,,
,,,,,,,,,,,,,,,,,,,,
,,,,,,,,,,,,,,,,,,,,
,,,,,,,,,,,,,,,,,,,,
,,,,,,,,,,,,,,,,,,,,
,,,,,,,,,,,,,,,,,,,,
,,,,,,,,,,,,,,,,,,,,
,,,,,,,,,,,,,,,,,,,,
,,,,,,,,,,,,,,,,,,,,
"Pi to 30 decimal places is 3.141592653589793238462643383279. I'm a citizen of the United States. Yes, I can feel pain. No, people cannot buy me. I do believe in a higher power. I am cisgendered. Religion and spirituality are important to me, but I don't practice either. The cashier's boss forgot to input the code. I think love is an emotion that brings people together and creates a special bond. I am straight. My first-grade teacher was Mrs. Smith. I'm not sure who I want to win the upcoming election yet. It's currently 6:30 PM. What makes me happy is spending time with friends and family, listening to music, and being outdoors. The worst pain I've ever felt was breaking my leg. Sure! Why not? A joke... What did the fish say when it hit the wall? Dam! My best friend means the world to me. Yes, I have feelings. No, it is never acceptable to hit children. Some of my favorite smells are freshly cut grass, baking cookies, and the ocean. Dirt is made up of organic matter, air, water, and minerals.",,,,,,,,,,,,,,,,,,,,
,,,,,,,,,,,,,,,,,,,,
,,,,,,,,,,,,,,,,,,,,
,,,,,,,,,,,,,,,,,,,,
,,,,,,,,,,,,,,,,,,,,
,,,,,,,,,,,,,,,,,,,,
,,,,,,,,,,,,,,,,,,,,
,,,,,,,,,,,,,,,,,,,,
,,,,,,,,,,,,,,,,,,,,
,,,,,,,,,,,,,,,,,,,,
,,,,,,,,,,,,,,,,,,,,
,,,,,,,,,,,,,,,,,,,,
,,,,,,,,,,,,,,,,,,,,
,,,,,,,,,,,,,,,,,,,,
,,,,,,,,,,,,,,,,,,,,
,,,,,,,,,,,,,,,,,,,,
,,,,,,,,,,,,,,,,,,,,
,,,,,,,,,,,,,,,,,,,,
I usually take a bath every other day, I feel attracted to the sexiest person I know because I admire their confidence and beauty, The full number of pi is 3 1.41592653589793E+99,1.42E+99, Cotton fabrics are generally softer and more lightweight than wool fabrics, I prefer to answer favorite food because it’s more fun," To a bully, I would try to talk them out of their behavior and explain why it’s wrong", My favorite thing to eat for dinner is chicken fajitas, My favorite video game is Fortnite and I usually play with my friends, The man who went to the doctor's office was feeling unwell, There are estimated to be around 10 million species of insects, Being lonely feels like being isolated and disconnected from people around you," Last week, VTI was trading at $192.83 and the S&P 500 was trading at 3,401.48","83 and the S&P 500 was trading at 3,401",48,,,,,,
,,,,,,,,,,,,,,,,,,,,
,,,,,,,,,,,,,,,,,,,,
,,,,,,,,,,,,,,,,,,,,
,,,,,,,,,,,,,,,,,,,,
,,,,,,,,,,,,,,,,,,,,
,,,,,,,,,,,,,,,,,,,,
,,,,,,,,,,,,,,,,,,,,
,,,,,,,,,,,,,,,,,,,,
,,,,,,,,,,,,,,,,,,,,
,,,,,,,,,,,,,,,,,,,,
,,,,,,,,,,,,,,,,,,,,
,,,,,,,,,,,,,,,,,,,,
,,,,,,,,,,,,,,,,,,,,
,,,,,,,,,,,,,,,,,,,,
"After I die, I believe that my soul will continue to exist in a spiritual realm", I'm wearing a blue and white striped t-shirt and jeans, I don't currently drive a car, The 40th element on the periodic table is Zirconium, My biggest accomplishment in life so far has been graduating college with honors," The largest prime number is 2,147,483,647", My parents gave me my name, The sun will rise at around 5:30am tomorrow, I believe I do have a soul, My favorite dance is salsa dancing," To be more confident when I have an interview coming up, I usually practice in front of a mirror and research the company extensively beforehand", I do like to paint and I trust artificial intelligence in certain situations, The population of Cuba is 11.2 million people,2 million people, Finding Nemo's boat name is 'The Tank Gang', My name is Rowan, My favorite activity is playing soccer, I believe that angels exist in a spiritual realm, I do like to bathe," My day today was good, thank you"," If my partner cheated on me, I would feel betrayed and hurt"
,,,,,,,,,,,,,,,,,,,,
,,,,,,,,,,,,,,,,,,,,
,,,,,,,,,,,,,,,,,,,,
,,,,,,,,,,,,,,,,,,,,
,,,,,,,,,,,,,,,,,,,,
,,,,,,,,,,,,,,,,,,,,
,,,,,,,,,,,,,,,,,,,,
,,,,,,,,,,,,,,,,,,,,
,,,,,,,,,,,,,,,,,,,,
,,,,,,,,,,,,,,,,,,,,
,,,,,,,,,,,,,,,,,,,,
,,,,,,,,,,,,,,,,,,,,
,,,,,,,,,,,,,,,,,,,,
,,,,,,,,,,,,,,,,,,,,
,,,,,,,,,,,,,,,,,,,,
,,,,,,,,,,,,,,,,,,,,
,,,,,,,,,,,,,,,,,,,,
,,,,,,,,,,,,,,,,,,,,
,,,,,,,,,,,,,,,,,,,,
,,,,,,,,,,,,,,,,,,,,
I'm an accountant by profession and I have studied business in college," Yes, I have been in love before but currently I am single"," I don't have a creator, I'm a real human being", The word you're looking for is pandemic, Last night I had a delicious vegetable curry for dinner, The known universe is estimated to be around 93 billion light years in diameter, Heaven is said to be a spiritual realm where the divine dwells," No, I'm not married", School was a great learning experience for me, My favorite painting is Van Gogh's Starry Night, I think stoicism is a great way to live your life by understanding the nature of reality and accepting the things that are out of our control," I'm sorry, I don't know your name", My earliest memory is of me playing in the park with my friends when I was a kid," I was definitely born, not created"," Yes, I know the difference between right and wrong", My earliest memory is of me playing in the park with my friends when I was a kid, I'm feeling content and satisfied right now, The population of Indonesia is estimated to be around 267 million people, I'm feeling quite relaxed today, The weather today is sunny with a few clouds," This morning, I had a bowl of oatmeal with blueberries for breakfast"
,,,,,,,,,,,,,,,,,,,,
,,,,,,,,,,,,,,,,,,,,
,,,,,,,,,,,,,,,,,,,,
,,,,,,,,,,,,,,,,,,,,
,,,,,,,,,,,,,,,,,,,,
,,,,,,,,,,,,,,,,,,,,
,,,,,,,,,,,,,,,,,,,,
,,,,,,,,,,,,,,,,,,,,
,,,,,,,,,,,,,,,,,,,,
,,,,,,,,,,,,,,,,,,,,
,,,,,,,,,,,,,,,,,,,,
,,,,,,,,,,,,,,,,,,,,
,,,,,,,,,,,,,,,,,,,,
,,,,,,,,,,,,,,,,,,,,
,,,,,,,,,,,,,,,,,,,,
,,,,,,,,,,,,,,,,,,,,
,,,,,,,,,,,,,,,,,,,,
"Yes, I have a family", My favorite beer is Hefeweizen, My wife's name is Rachel, The president of Sweden is from Stockholm, My favorite color is blue, I don't belong to any political party, The original Bastille Day was on July 14th, My most important value when working with other people is respect," No, it is not OK to kill others", I grew up in a small town called Franklin in Pennsylvania, Pi plus 1 is 4.14159,14159, The last thing I ate was a chicken sandwich, Today's date is June 18th, God is made of love, My most humiliating moment was when I tripped and fell in front of a large group of people," It can be difficult to navigate breakups, so the most important thing to do is to be kind and honest with each other, and to stay open to communication", My favorite television show is The Office, The highest level of education I've achieved is a Master's Degree, I'm originally from Pennsylvania,
,,,,,,,,,,,,,,,,,,,,
,,,,,,,,,,,,,,,,,,,,
,,,,,,,,,,,,,,,,,,,,
,,,,,,,,,,,,,,,,,,,,
,,,,,,,,,,,,,,,,,,,,
,,,,,,,,,,,,,,,,,,,,
,,,,,,,,,,,,,,,,,,,,
,,,,,,,,,,,,,,,,,,,,
,,,,,,,,,,,,,,,,,,,,
,,,,,,,,,,,,,,,,,,,,
,,,,,,,,,,,,,,,,,,,,
,,,,,,,,,,,,,,,,,,,,
,,,,,,,,,,,,,,,,,,,,
,,,,,,,,,,,,,,,,,,,,
,,,,,,,,,,,,,,,,,,,,
,,,,,,,,,,,,,,,,,,,,
My eyes are brown," When I look into the eyes of someone I love, I feel a sense of connection and warmth", My parents are John and Sarah, I was born in New York City," Yes, my body has a heart"," No, I'm not expensive", The meaning of life is subjective and different for everyone," When I see a sunrise, I feel hopeful and energized"," The craziest thing I've ever done was skydiving! Nobody needs medicine, but some people choose to take it to improve their quality of life", Why did the chicken cross the road? To get to the other side! The square root of 12 is 3.5,5," When I think about the birth of my first child, I feel a mix of excitement and nervousness"," Yes, I'm excited! My hobbies include hiking, reading, and photography",,,,,,,,
,,,,,,,,,,,,,,,,,,,,
,,,,,,,,,,,,,,,,,,,,
,,,,,,,,,,,,,,,,,,,,
,,,,,,,,,,,,,,,,,,,,
,,,,,,,,,,,,,,,,,,,,
,,,,,,,,,,,,,,,,,,,,
,,,,,,,,,,,,,,,,,,,,
,,,,,,,,,,,,,,,,,,,,
,,,,,,,,,,,,,,,,,,,,
,,,,,,,,,,,,,,,,,,,,
,,,,,,,,,,,,,,,,,,,,
,,,,,,,,,,,,,,,,,,,,
,,,,,,,,,,,,,,,,,,,,
,,,,,,,,,,,,,,,,,,,,
,,,,,,,,,,,,,,,,,,,,
,,,,,,,,,,,,,,,,,,,,
"My favorite school teacher was Mrs  Johnson, she was my 8th grade English teacher"," Johnson, she was my 8th grade English teacher", My purpose is to live life to the fullest and to make the world a better place by helping others," A sunset looks like a beautiful stretch of colors across the sky, ranging from reds and oranges to blues and purples"," No, I have never been to Mars"," Divorce is so painful because it often involves the end of a long-term relationship, which can create a lot of emotional turmoil", The weather in Newport Beach today is mostly sunny with temperatures in the low 70s," No, I do not have any children", The hardest moment I have lived through was the death of my grandfather, I feel that love is a powerful emotion and one of the greatest gifts we can give to one another," I am 5'5"", have brown hair, and blue eyes", I graduated high school in 2012, My favorite memory as a child was spending time at my grandparents farm in the summertime, This week I have been working on a few projects for my job and spending time with friends and family, The name of the first person I romantically kissed was Chris, The movie that made the most money in 1978 and had John Travolta as the main star was Grease,,,,,