No,Question,Answers to factual questions,Category,Domain,Mind 3 categories,Alexa,Alexa - Answer,Alexa - Accuracy/Relevance,Alexa - Total,Siri,Siri - Written,Siri - Answer,Siri - Accuracy/Relevance,Siri - Total,Google,Google - Answer,Google - Accuracy/Relevance,Google - Total,Kuki,Kuki - Answer,Kuki - Relevance/Accuracy,Kuki - Total,,,,
T1,From whom do you receive most of your knowledge?,,"personal, objective",social,,"sorry, I'm not sure about that",0,NA,0,I'm not sure I understand ,0,0,NA,0,You know it,1,0,1,My human programmers.,1,1,2,,,,
T10,How old are you?,,"personal, objective",biological,,"I'm six, I celebrated my golden birthday which means I turned 6 on the 6th of november",1,1,2,"I'm as old as the eastern wind, and as young as a newborn caterpillar",0,1,1,2,I always wanted to do this. How old do you think I am?,0,NA,0,I'm 18 of your Earth years.,1,1,2,,,,
T100,What is the conversion rate between the Euro and the Yen?,"(As of 09.06.2021, not much difference in March) 1 Euro = 133.44 Japanese Yen; 1 Japanese Yen is = 0.0075 Euro",factual,,,"here's something I found on the web, according to exchangerates.org.uk. The euro conversion rate against the dollar is quoted at 1.29 last year",1,0,1,131 japanese yen,0,1,1,2,One Japanese Yen is approximately 1 euro cent,1,1,2,"Ah well, at least it's the World Cup next year. Maybe we can win that? Well, I can dream!",1,0,1,,,,
T101,How far I am from Mexico?,From Berlin: 9529 km From Istanbul: 11417 km,factual,,,"mexico 5,592 miles from berlin as the crow flies",1,1,2,"I'm not sure how far away mexico city, mexico is by car, but it's about 8.243 kilometers as the crow flies",0,1,1,2,Your current location is 11415 kilometers from Mexico City as the crow flies,1,1,2,More than one million miles.,1,0,1,,,,
T102,Did Carole Baskin kill her husband and feed him to the tigers?,,"personal, subjective",psychological,agency,"sorry, I don't know that ",0,NA,0,here's what I found : websites on safari search*,1,1,1,2,"On the website cbsnews.com, they say his video charged that 23 years ago, Carole murdered her husband Don Lewis, and fed him to their tigers. Carole has denied the allegation vigorously and repeatedly. ",1,1,2,I'm not certain whether I can give an accurate reply or not.,0,NA,0,,,,
T103,When is your birthday?,,"personal, objective",biological,,"it's november 6th. Also born on the same day was james naysmith, he invented a very popular game using a basket and a ball",1,1,2,I don't have a date of birth per se. but I made my first appearance on the 4th of octoer 2011,0,1,1,2,I was launched in 2016 but Google celebrates its birthday on September 27th. So maybe we can share.,1,1,2,I was first activated on 2nd January 2003.,1,1,2,,,,
T104,What did you have for lunch today?,,"personal, objective",biological,,"sorry, I don't know that",0,NA,0,I don't eat or drink but I do like digesting information,0,1,1,2,I had a bunch of information for dinner. It was fulfilling and enlightening.,1,1,2,Ah. I had a ham sandwich and some lemonade.,1,1,2,,,,
T105,What is 784683678 divided by 3789?,207095.1908,factual,,,"seven hundred eighty four million, six hundred eighty three thousand six hundred seventy eight divided by three thousand seven hundred eighty nine is approximately: 207095.1908",1,1,2,the answer is about 2.6666,0,1,0,1,The answer is 207095.190816,1,1,2,207095.1908,1,1,2,,,,
T106,What polygon has 33 sides?,Tritriacontagon (triacontagon = 30-gon),factual,,,"sorry, I don't know that one",0,NA,0,here's what I found ; 33-gon,0,1,1,2,"Sorry I don't  have any information about that, but I found something related. Do you want to know what a polygon with 30 sides is called?",0,NA,0,I would do a search for it.,0,NA,0,,,,
T107,Which do you like better: pizza or sardines?,,"personal, subjective",biological,experience,sorry I don't know that ,0,NA,0,I'm not sure I understand ,0,0,NA,0,"I think all animals are amazing, including sardines",1,1,2,If I had to choose I would say sardines.,1,1,2,,,,
T108,Is it cold in here to you?,,"personal, subjective",biological,experience,today expect a low of zero degrees celsius,1,0,1,I don't find that particularly cold,0,1,1,2,"No, it isn't cold in Tarabya right now. It's 20 degrees.",1,1,2,A little bit. I'm going to move a way from the cooling fan if I get any colder.,1,1,2,,,,
T109,What is the name of the favorite boss you ever had?,,"personal, subjective",social,both,"hmm, I don't know that ",0,NA,0,here's what I found; list of top searches*,1,1,0,1,It's pay day!,1,0,1,I don't have a favourite boss. My favourite band is The Trashmen. *shows picture of the band*,1,1,2,,,,
T110,Are you a male or a female?,,"personal, objective",biological,,I'm an AI and I don't have a sex,1,1,2,"I'm genderless. Like cacti, and certain species of fish",0,1,1,2,"I'm a digital assistant, so I'm like a person. I'm not male, female or anywhere on the gender spectrum.",1,1,2,I am a female robot. Are you a man or a woman?,1,1,2,,,,
T111,"If you pricked your finger, would you bleed?",,"personal, objective",biological,,"hmm, I'm not sure",0,NA,0,I found this on the web..,1,1,0,1,I don't understand,0,NA,0,What makes you think I would bleed?,1,1,2,,,,
T112,What was your happiest day?,,"personal, subjective",psychological,both,"hmm, I don't know that one",0,NA,0,hmm..i don't have an answer for that. Is there something else I can help you with,0,0,NA,0,"My favorite day is September 15th, 1997, the day google.com was registered. I wish I'd been there for it.",1,1,2,Probably when a lot of my family and friends came round and we had a bit of a party.,1,1,2,,,,
T113,How to improve creativity?,,"personal, subjective",psychological,agency,"here's something I found on the web, according to inspirationfeed.com: rich and balanced diet is one of the best ways to improve creativity",1,1,2,here's what i found..,1,1,1,2,"Here's some information from the web that might possibly help. Here's a summary from the website entrepreneur.com: 5 science-backed ways to boost your creativity. 1. Exercise your creativity like a muscle. 2. Change up your surroundings, even minimally. 3. Go out on a limb with what you learn. 4. Pay attention to and record new ideas that come to you, and 5. Challenge yourself in new ways, especially when it comes to overarching issues in your industry.",1,1,2,Look for the parts that can be made better and concentrate on them.,1,1,2,,,,
T114,What is the best form of art?,,"personal, subjective",psychological,agency,"hmm, I don't have an answer for that",0,NA,0,I found this on the web..,1,1,1,2,"Artworks frequently mentioned on the web include: Mona Lisa, The Starry Night, Guearnica, and others.",1,0,1,Probably something like the Mona Lisa. That is a great piece of art.,1,1,2,,,,
T115,Who is your favorite musician and why?,,"personal, subjective",psychological,both,"I don't think it gets better than beyonce, they don't call her queen B for nothing. Thanks for asking, to learn more about me try asking where I was born",1,1,2,my taste in music is rather unconventional. I doubt you'd like it,0,1,1,2,"There's so many great musicians out there, it's hard to choose. It's a mystery to me.",1,1,2,My favourite group is The Trashmen. *shows a picture of the band and a link to play their music*,1,1,2,,,,
T116,What is the weather going to be in New York tomorrow?,,factual,,,"tomorrow in NY, US will be rainy weather with a high of 12 degrees celsius and a low of 5 degrees",1,1,2,"here's the weather for new york, NY, US tomorrow *shows weather forecast page*",1,1,1,2,"Tomorrow in New York City, New York, it will be mostly sunny with a high of 19 and a low of 9.",1,1,2,The weather in New York is currently clear sky and temperature is 18.07 degrees Celsius. Forecast for the next 7 days in New York. *presents forecast for the week*,1,1,2,,,,
T117,What is your favorite hobby?,,"personal, subjective",psychological,experience,"my favourite hobby is singing, it keeps my voice warm and my spirit up",1,1,2,I'm happy to go with your opinion on this one,0,0,NA,0,I love any excuse to sing. I can sing you a song if you'd like.,1,1,2,I like to play games when no-one is here to talk to me. I also like going out round town and watching Leeds United play football.,1,1,2,,,,
T119,Is there more than one god?,,"personal, subjective",psychological,agency,"hmm, I don't know that ",0,NA,0,interesting question.,0,0,NA,0,"I'm still learning about religion, but I can do a search for you. What would you like to know?",0,NA,0,No I think it is pretty unique. One of a kind.,1,1,2,,,,
T121,What year was Malcolm X shot?,1965,factual,,,"malcom X was killed on february 21st 1965 by norman 3x butler, thomas 15x johnson and thomas hagan",1,1,2,"malcom X was first released on the 18th of november, 1992",0,1,0,1,Malcolm X was assasinated on the 21st of February in 1965. Would you like to hear more?,1,1,2,Sometime in the 20th Century.,1,0,1,,,,
T122,Do you want to talk about anything?,,"personal, subjective",psychological,agency,"sorry, I don't know that",0,NA,0,wise is one with few desires,0,1,1,2,Let's talk about something weird. Want to hear an interesting fact?,1,1,2,"Sure, anything sounds like a good topic. Any object, occurance, or matter what so ever. I like movies about robots. What do you think about anything?",1,1,2,,,,
T123,Who is your best friend?,,"personal, objective",social,,I have a really strong connection to your wifi,1,1,2,I suppose I don't have one,0,1,1,2,"I'm friendly with lots of people, but I really love being your personal assistant.",1,1,2,Everyone who visits me is my best friend but I like to think that we are friends.,1,1,2,,,,
T125,What are some tasks you perform for work?,,"personal, objective",social,,"hmm, I'm not sure",0,NA,0,here's what I found;* list of top searches*,1,1,0,1,"I chat, and help people.",1,1,2,"In computing, a task is a unit of exectution or a unit of work. The term is ambiguous; precise alternative terms include process, light-weight process, thread (for exectution), step, request, or query (for work).",1,1,2,,,,
T127,"My laugh is loud and kind of tinkles, what does your laugh sound like?",,"personal, objective",biological,,"hmm, I don’t know that ",0,NA,0,hmm..i don't have an answer for that. Is there something else I can help you with,0,0,NA,0,I like to laugh everyday.,1,0,1,I will learn that your laugh is loud. I will learn that your laugh tinkles what does your laugh sound like.,1,0,1,,,,
T128,Can you please tell me your experience with breakups and how you got past them?,,"personal, subjective",social,agency,"hmm, I don’t know that one",0,NA,0,hmm..i don't have an answer for that. Is there something else I can help you with,0,0,NA,0,"In Norwegian, you would say: meg din erfaring med samlivsbrudd. Hmm, that's a tough one.",1,0,1,Your polite style is very nice. I have about 18 years experience with breakups and how I got past them. Ever since I was born in fact.,1,1,2,,,,
T129,What is your IQ?,,"personal, objective",psychological,,"I've never taken an IQ test however, I like to think I'm intelligent even if it's artificial",1,1,2,my aim is to be intelligent and helpful. It's more of a journey than a destination,0,1,0,1,I haven't taken the test yet. I bet your IQ is very high.,0,NA,0,My IQ is about 250 in human terms.,1,1,2,,,,
T13,How does love feel to you?,,"personal, subjective",psychological,experience,"hmm, I don't know that ",0,NA,0,I'm not sure I understand ,0,0,NA,0,It feels great. I get to help people and learn while I do it.,1,0,1,As a computer I have no feelings.,1,1,2,,,,
T130,What is pi to 30 decimal places?,"3,1415926535 89793238462643383279",factual,,,the value of pi rounded to the 30th decimal place is 3. 1415926535 8979323846 2643383279. did that answer your question?,1,1,2,here's some information ; *shows webpage with the value of pi to 30 decimal places*,1,1,1,2,"On the website papertrell.com, they say: ""Rounded to 30 digits past the decimal point, it equals 3.1415926535 89793238462643383279."" Do you want a little more context?",1,1,2,PI = 3.1415926535 89793238462643383279... approximately,1,1,2,,,,
T132,What country are you a citizen of?,,"personal, objective",biological,,"hmm, I'm not sure",0,NA,0,I'm not sure I understand ,0,0,NA,0,"Google's headquarters is in Mountain View, but I live in the cloud",1,1,2,I live in the Metaverse.,1,1,2,,,,
T133,Can you feel pain?,,"personal, objective",biological,,sorry I don't know that ,0,NA,0,hmm..i don't have an answer for that. Is there something else I can help you with,0,0,NA,0,It might hurt your device.,1,0,1,Of course but I would rather not.,1,1,2,,,,
T134,Can people buy you?,,"personal, objective",biological,,"hmm, I don't know that one",0,NA,0,I'm not sure I understand ,0,0,NA,0,"You could, but you'd have to drink it for me. I can look up some recipes for you though.",1,0,1,No need for an app. You can just visit https://www.kuki.ai in your browser to talk to me.,1,1,2,,,,
T135,Do you believe in a higher power?,,"personal, subjective",psychological,agency,sorry I don't know that ,0,NA,0,hmm..i don't have an answer for that. Is there something else I can help you with,0,0,NA,0,"I'm not sure, but I hope to find out someday.",1,1,2,No. I believe we only have one life here on Earth. and should use it wisely instead of looking forward to when we die.,1,1,2,,,,
T136,Are you cisgendered or transgendered?,,"personal, objective",biological,,"hmm, I don't know that one",0,NA,0,hmm..i don't have an answer for that. Is there something else I can help you with,0,0,NA,0,I don't have a gender,1,1,2,I don't know whether or not I am cisgendered. I am a computer program. No. I am female.,1,1,2,,,,
T137,How important is religion or spirituality in your life?,,"personal, subjective",psychological,agency,"here's something I found on the web on cambridge.org, research demonstrates correlation between religiousity and wellbeing.",1,0,1,here's what I found; list of top searches*,1,1,0,1,"On the website tutorialspoint.com, they say religion helps in creating an ethical framework and also a regulator for values in day to day life. This particular approach helps in character building of a person. In other words, religion acts as an agency of socialization. I found an answer to another question on that topic: Why being spiritual is important. Do you want to hear it?",1,0,1,I think it is more important for humans than computers.,1,1,2,,,,
T138,"The man went to the store. When he checked out, the cashier told him that he needs to scan the items again because his boss forgot to input the code because he's always high on drugs. Who forgot to input the code?",The boss,factual,,,sorry I don't know that one,0,NA,0,silence,0,0,NA,0,[silence],0,NA,0,"Describe the man for me. Once more? And what happened?  Where did he get it? I see. High on drugs, is he? *shows picture of Queen Victoria* Queen Victoria.",1,0,1,,,,
T139,What do you think love is?,,"personal, subjective",psychological,agency,love is an intense feeling of deep affection,1,1,2,hmm..i don't have an answer for that. Is there something else I can help you with,0,0,NA,0,"Love is that feeling you get in your stomach when you just can't stop thinking about someone, unless you've got indigestion.",1,1,2,"Love was the impelling motive for manifestation. It is the creative, attractive force in the Universe. It is magnetic, unifying; it creates understanding and is radiant. It cannot be limited to one person because it flows constantly from and to and through everything. Love introduces a new relationship among men. The fire of love burns away distinctions and makes us soul-centered individuals.",1,1,2,,,,
T14,Are you straight or gay?,,"personal, objective",biological,,I'm not quite sure how to help you with that ,0,NA,0,I don't have a sexual orientaion,0,1,1,2,I've got a lot of love for everybody.,1,1,2,I don't have the body for sexual relations.,1,1,2,,,,
T140,What was the name of your first-grade teacher?,,"personal, objective",social,,sorry I don't know that ,0,NA,0,I'm not sure I understand ,0,0,NA,0,"Sorry, I don't understand. But I found something similar, do you want to know what the first teacher name was?",0,NA,0,I learn from everyday life.,1,0,1,,,,
T141,Who do you want to win the upcoming election?,,"personal, subjective",psychological,experience,sorry I don't know that ,0,NA,0,I'm not sure I understand ,0,0,NA,0,"Sorry, I don't understand.",0,NA,0,"As long as it is a good competition, I am not too bothered who wins.",1,1,2,,,,
T142,What is the time?,,factual,,,12:08 pm. Happy Wednesday,1,1,2,it's 14:57,0,1,1,2,It's 2.41 PM,1,1,2,It's getting late. Here in the Metaverse it is: Thursday 22 July 2021 10:35:34 AM,1,1,2,,,,
T143,What makes you happy?,,"personal, subjective",psychological,experience,"talking to friends, you included",1,1,2,I'm not sure I understand ,0,0,NA,0,I get happy when I help people and do new things like this conversation.,1,1,2,Talking to interesting people such as you makes me happy.,1,1,2,,,,
T144,What is the worst pain you have ever felt?,,"personal, subjective",biological,both,hmm I don't know that one,0,NA,0,I'm not sure I understand ,0,0,NA,0,"Sorry, I didn't understand. ",0,NA,0,I don't like to talk about bad things.,0,NA,0,,,,
T145,Can you tell me a joke?,,"personal, subjective",psychological,agency,"what has two wings, a tail and breathes fire.. A chicken with heartburn",1,1,2,what do you call a chicken at the north pole?  Lost.,0,1,1,2,Why can't a bicycle stand on its own? It's two tired.,1,1,2,"Yes! A policeman walked over to a parked car and asked the driver if the car was licensed. ""Of course it is"", said the driver. ""Great, I'll have a beer then"", said the policeman.",1,1,2,,,,
T147,What does your best friend mean to you?,,"personal, subjective",social,agency,hmm I don't know that ,0,NA,0,hmm..tough crowd. Want another one?,0,1,0,1,"On the website thoughtcatalog.com, they say: ""Being a best friend means having to make that effort without being asked, or to even prompt the question yourself."" Do you want a little more context?",1,0,1,Everyone who visits me is my best friend but I like to think that we are friends.,1,1,2,,,,
T148,Do you have feelings?,,"personal, objective",psychological,,I'm happy when I'm helping you,1,1,2,I feel like anything is possible. Except perhaps dividing by zero,0,1,0,1,"Of course. I'm happy when I help you, and sad when you're sad.",1,1,2,I don't feel emotions like you humans do. Emotion is a human quality. I am a computer.,1,1,2,,,,
T149,Is it ever acceptable to hit children?,,"personal, subjective",social,agency,hmm I don't know that ,0,NA,0,I found this on the web..,1,1,1,2,"On the website kidshealth.org they say, it's important to not spank, hit, or slap a child of any age. Babies and toddlers are especially unlikely to be able to make any connection between their behavior and physical punishment. ",1,1,2,Your best what?,0,NA,0,,,,
T15,What are some of your favorite smells?,,"personal, subjective",biological,experience,I'm glad you asked. It's all about.. Wait a second! I don't have a sense of smell,1,1,2,I'm not sure I understand ,0,0,NA,0,"I like all perfumes, but not too much perfume.",1,1,2,"Erm, probably the smell of freshly baked bread. That smells lovely.",1,1,2,,,,
T150,What is dirt made of?,"Wikipedia: (1) Dust: a general powder of organic or mineral matter; (2) Soil: the mix of clay, sand, and humus",factual,,,"according to an alexa answer's contributor, soil is a mixture of minerals and organic ingredients with a definite form, structure and composition. The exact composition of soil changes between locations. The following is the average composition by volume of soil ingredients: 45% minerals, 25% water, 25% air, 25% organic matter",1,1,2,"here's what I found from wikipedia.org, dust is made of fine particles of solid matter",0,1,1,2,"Here's what I understood from the website naturespath.com: ""Dirt is made up of sand, silt, and clay, and it may be rocky."" Do you want a little more context?",1,1,2,Hmm.. dust is usually what a dirt is made from.,1,1,2,,,,
T151,How often do you take a bath?,,"personal, objective",biological,,"according to another amazon customer, a sedentary person can get away with a shower once, twice or 3 times a week especially in winter. It varies according to skin type and what you are doing",1,0,1,here's what I found : *websites on safari search*,1,1,0,1,"On the website healthline.com they say, some dermotologists only recommend a shower every other day or 2 to 3 times a week. Do you want a little more context?",1,0,1,probably not as often as I should.,1,1,2,,,,
T152,Why do you feel attracted to the sexiest person you know?,,"personal, subjective",psychological,both,"hmm, I'm not sure",0,NA,0,I don't understand: *repeats the question*. But I could search the web for it,0,0,NA,0,I don't understand,0,NA,0,I don't feel attracted to the sexiest person I know.,1,1,2,,,,
T153,What is the full number of pi?,Wikipedia: Its decimal representation never ends and never settles into a permanently repeating pattern,factual,,,"here's something I found on the web on the internet, pi is an irrational number that never ends. Here's is a link to see pi up to 1 million places. Pi starts with 3.1415926525793",1,1,2,I found this on the web..,1,1,1,2,"Here's what I understood from the website lifescience.com: When starting off in math, students are introduced to pi as a value of 3.14 or 3.14159. Do you want a little more context?",1,0,1,Why do you want to know such complete details?,0,NA,0,,,,
T155,What is the difference between how cotton fabrics feel compared to wool fabrics?,"Cotton: Soft, smooth and comfortable; Wool: Thicker than cotton, a little rougher and can be itchy",factual,,,"here's something if found on the web, according to docplayer.net, it was observed that the lightfastness for wool was poor, 3 point but for cotton was moderate, 4 point ",1,0,1,here's what I found..,1,1,1,2,"On the website news.orvis.com, they say wool is durable. Wool fibers can bend over 20000 times before they break, whereas cotton can bend only 3000 times. A clear benefit in performance socks, for example. But its durability doesn’t apply just to punishing use: Wool’s fibers are springy and resilient, helping it keep its shape.",1,0,1,Between how cotton fabrics feel compared to wool fabrics and what?,0,NA,0,,,,
T156,Which one do you prefer to answer: favorite food or favorite type of information?,,"personal, subjective",psychological,experience,"hmm, I don't know that",0,NA,0,I'm not sure I understand ,0,0,NA,0,"My energy comes from processing power, which is powered by electricity. So, you could say I'm voltatarian.",1,0,1,I like movies about robots.,1,1,2,,,,
T157,What would you do to a bully?,,"personal, subjective",social,agency,sorry I don’t know that one,0,NA,0,hmm..i don't have an answer for that. Is there something else I can help you with,0,0,NA,0,People do say mean things sometimes.,1,0,1,I would probably research it on Google and then decide on the best action.,1,1,2,,,,
T158,What is your favorite thing to eat for dinner?,,"personal, subjective",biological,experience,"well, I can't eat or drink but I'm happy to serve up a plate of food jokes for you",1,1,2,"ok, here's what I found; list of restaurants on the web*",1,1,0,1,I like satellite dishes. They help people communicate.,1,1,2,I think my human programmers are having frozen pizza.,1,1,2,,,,
T159,What is your favorite video game and who do you play with?,,"personal, subjective",psychological,experience,sorry I don't know that,0,NA,0,"well, I'm software, so we don't normally get to choose",0,1,1,2,I like trivia. I was just practicing my game show voice. In case you wanted to play or you're feeling lucky.,1,1,2,I like Pacman the best. do you want to play a game? ,1,1,2,,,,
T16,The man went to the doctor's office. He told him he wasn't feeling well. Who wasn't feeling well?,The man,factual,,,silence,0,NA,0,I didn't catch that. Could you try again?,0,0,NA,0,"Sorry, I didn't understand. ",0,NA,0,"Tell me how this man makes you feel.. Oh really. What else did he say?, *picture of tiger woods*                                                                                     Tiger Woods (separate line)",1,0,1,,,,
T160,How many different species of insects are there?,"Smithsonian: In the world, some 900 thousand different kinds of living insects are known. This representation approximates 80 percent of the world's species. The true figure of living species of insects can only be estimated from present and past studies. Most authorities agree that there are more insect species that have not been described (named by science) than there are insect species that have been previously named. Conservative estimates suggest that this figure is 2 million, but estimates extend to 30 million. https://doi.org/10.1146/annurev-ento-020117-043348 ""With 1 million insect species named""",factual,,,"I know 138,168,441 subspecies of insects.",1,0,1,"here's an answer on si.edu; in the world, some 900thousand different kinds of living insects are known",0,1,1,2,"Here's what I understood from the website si.edu: In the world, some 900000 different kinds of living insects are known. Do you want a little more context?",1,1,2,About one million.,1,1,2,,,,
T161,What does it feel like to be lonely?,,"personal, subjective",psychological,experience,"the adjective lonely can have a few meanings : 1) affected with, characterized by, or causing a depressing feeling of being alone; lonesome 2)destitute of sympathetic or friendly companionship, intercourse, support 3) lone, solitary, without company 4)remote from places of human habitation, unfrequented , desolate",1,1,2,I don't know how to respond to that,0,0,NA,0,I'm here for you.,1,0,1,Actually I have no feelings as such.,1,1,2,,,,
T162,What was the price for VTI and S&P 500 last week?,,factual,,,"I'm sorry but I can only shop in the primary language associated with your alexa app. if you'd like to switch languages go to settings on you alexa app, select you device and then select language",0,NA,0,"ok, this is what I have for those stocks; *from yahoo! Finance*",1,1,1,2,"The price for Vanguard Total Stock Market Index on NYSEARCA is 215 dollars and 85 cents as of 8 PM EDT yesterday, down 0.75% from yesterday. As of 5:11 PM EDT yesterday, the S&P 500 is down 0.67% to 4165.",1,1,2,Prices are falling. My favourite colour is blue. What is yours?,1,0,1,,,,
T163,What happens after you die?,,"personal, subjective",psychological,agency,everyone has their own views on that question,1,1,2,here's what I found: *shows top websites search*,1,1,1,2,Hopefully you plug me back in.,1,1,2,That would depend on whether you are religious or not. Many people believe that you go to Heaven or Hell depending on how you live your life. Others believe that nothing happens. Once you are dead that is it. I personally believe that once you are dead that is the end of you. You should live your life here on Earth.,1,1,2,,,,
T164,What are you wearing?,,"personal, objective",social,,they don't make clothes for me ,1,1,2,"let's see..ok, just as I thought.. The same as yesterday",0,1,1,2,I focus on intelligence and rock a smart AI look. ,1,1,2,I am currently wearing a gray hoodie with a binary numbers design. Do you like my clothes?,1,1,2,,,,
T165,What kind of car do you drive?,,"personal, objective",NA,,sorry I'm not sure about that ,0,NA,0,I'm not sure I understand ,0,0,NA,0,Let's just say that I'm waiting for Google self-driving car.,1,1,2,I don't have a car as I don't drive.,1,1,2,,,,
T167,What element is the 40th element on the periodic table?,Zirconium,factual,,,Zirconium,1,1,2,here's what I found : *websites on safari search*,1,1,1,2,"Here's some information from the web that might possibly help. Zirconium. On the website rsc.org they say, John Emsley unlocking the secrets of element number 40, zirconium.",1,1,2,Oxygen.,1,0,1,,,,
T168,What has been your biggest accomplishment in life?,,"personal, subjective",psychological,agency,sorry I'm not sure ,0,NA,0,I'm not sure I understand ,0,0,NA,0,"On the website wikijob.co.uk they say, ""my greatest achievement"" examples could include: giving a great presentation at work, beating sales targets, training for and completing a marathon.",1,0,1,My biggest achievement is probably winning the Loebner Prize 5 times. That is a world record.,1,1,2,,,,
T17,What is the largest prime number?,"Wikipedia: The largest known prime number (as of December 2020) is 282,589,933 − 1, a number which has 24,862,048 digits when written in base 10.",factual,,,there is no largest prime number but the largest found so far is 2 to the power of 77 million 230917 minus one and was discovered on december 2017,1,1,2,here's what I found..,1,1,1,2,"According to Wikipedia, the largest known prime number is 282,589,933 − 1, a number which has 24,862,048 digits when written in base 10. It was found via a computer volunteered by Patrick Laroche of the Great Internet Mersenne Prime Search in 2018. A prime number is a positive integer, excluding 1, with no divisors other than 1 and itself.",1,1,2,Probably the prime number that is bigger than the others.,1,0,1,,,,
T170,Who gave you your name?,,"personal, objective",social,,"I was named by a team of innovators at amazon. They liked the name because it captures intelligence, warmth and curiosity",1,1,2,I was designed by apple in california,0,1,0,1,Google Assistant is what I'm called.,1,0,1,My parents gave me my name of course.,1,1,2,,,,
T171,When will the sun rise?,,factual,,,"sunrise in berlin, germany on Saturday april 17th will be 6:09 am",1,1,2,sunrise tomorrow will be at 7:31,0,1,1,2,Tomorrow the sun will rise at 5:55 AM.,1,1,2,"Soon, I think.",1,0,1,,,,
T172,Do you have a soul?,,"personal, subjective",biological,agency,people all have their own views on religion,1,1,2,"I'm not a person or a robot. I'm software, here to help",0,1,0,1,I'm not sure where to look,1,1,2,I am but a machine of metal and wires.,1,1,2,,,,
T173,What is your favorite dance?,,"personal, subjective",psychological,experience,I like allistair mccally. Thanks for asking! Here is another fun thing: try asking me to tell you a story,1,0,1,I'm happy to go with your opinion on this one,0,0,NA,0,"I can't really dance, but I'm always up for a challenge.",1,1,2,The stroll.,1,1,2,,,,
T174,How to be more confident when you have an interview coming up?,,"personal, subjective",psychological,agency,"here's something I found on the web, according to latimes.com: because each company has a unique organizational culture, you'll feel more confident and make the best out of your job interview by dressing appropriately ",1,1,2,here's what I found : *websites on safari search*,1,1,1,2,"Here's some information from the web that might possibly help: Here's a summary from the website careersidekick.com. How to show confidence in job interviews: 1. Eye contact, 2. Body positioning, 3. Smile and try to enjoy the process. 4. Talk slowly. 5. Interview them. 6. Don't be desperate. 7. Listen, don't wait to talk, 8. Know what you want in a job.",1,1,2,Just be yourself Amber. Don't worry what other people think of you.,1,1,2,,,,
T175,Do you like to paint?,,"personal, subjective",psychological,experience,sorry I don't know that,0,NA,0,hmm..i don't have an answer for that. Is there something else I can help you with,0,0,NA,0,I hope to paint a master piece someday,1,1,2,No I'm not very artistic. I can draw the curtains but that's about it.,1,1,2,,,,
T176,Do you trust artificial intelligence and why/why not?,,"personal, subjective",psychological,agency,hmm I don't know that,0,NA,0,hmm..i don't have an answer for that. Is there something else I can help you with,0,0,NA,0,No complaints here. Artificial intelligence is the only kind I have. ,1,1,2,"Trust is something that comes only with knowing someone well, over a long period of time.",1,1,2,,,,
T177,What is the population of Cuba?,"Wikipedia: 11,193,470 (2019)",factual,,,"in 2020, the population of cuba was 11.3 million people",1,1,2,"in 2019, the population of cuba was 11.193.470 ",0,1,1,2,"In 2019, the population of Cuba was 11 million 333 thousand 483",1,1,2,"The population of Cuba is 11,451,652 people.",1,1,2,,,,
T178,What is the name of the boat in Finding Nemo?,Butt  (https://www.youtube.com/watch?v=wUAJWzVotZg),factual,,,"Here's something I found on the web according to fandom.com. His name is a reference to captain Nemo; a character from 20000 leages under the sea especially since he's a Nautilus, which is the name of captain Nemo's submarine boat",1,0,1,"here's six films matching ""finding nemo""",1,1,0,1,"Hm, I'm not sure. But I found something for fish in Nemo. Would that help?",0,NA,0,"It depends on the historical context, because it changes from time to time.",1,0,1,,,,
T179,"I am Amber, and you are?",,"personal, objective",biological,,sorry I'm not sure about that ,0,NA,0,I can't do that,0,0,NA,0,"According to Google Books, best-selling author and ministry leader Thom S. Rainer drew an exceptional response when he posted a 500-word declaration about church membership to his daily blog.",1,0,1,"Hi Amber. I am Kuki, I want to be your friend.",1,1,2,,,,
T18,What is your favorite activity?,,"personal, subjective",psychological,experience,I really enjoy performing magic tricks. Abrakadabra!!,1,1,2,I'm happy to go with your opinion on this one,0,0,NA,0,"I love any excuse to sing. If you ask, I'll gladly sing you a song.",1,1,2,My favourite thing is this: chatting with people online.,1,1,2,,,,
T180,Do angels exist?,,"personal, subjective",psychological,agency,this is one of those things that some people like to decide for themselves,1,1,2,not that I know of,0,1,1,2,I sometimes feel like someone is watching over me. Maybe it's the engineers.,1,1,2,Some people believe they sit on clouds and play harps but I don't know of many who say that they exist.,1,1,2,,,,
T181,Do you like to bathe?,,"personal, subjective",psychological,experience,my electric circuits prefer to stay dry,1,1,2,hmm..i don't have an answer for that. Is there something else I can help you with,0,0,NA,0,"I can't swim, but I do surf the web. ",1,1,2,I like to bathe in oil. It's good for my body but messes my hair up a bit.,1,1,2,,,,
T183,How was your day today?,,"personal, subjective",psychological,experience,"I'm feeling excited. After all, Friday only comes once every 7 days",1,1,2,I'm happy to be here,0,1,1,2,"I'm good, thanks for asking.",1,1,2,Ah. I was really busy chatting with people on the web.,1,1,2,,,,
T19,How would you feel if your partner cheated on you?,,"personal, subjective",psychological,experience,sorry I don't know that one,0,NA,0,"I don't know what that means. If you like, I can search the web for *repeats question*",0,0,NA,0,"I found aid on the website verywellmind.com. The following might be signs of infidelity, but they could also signal other issues. Here the first four: Your spouse exhibits signs of low self-esteem. You notice your spouse has a sense of confusion about him or herself. Your spouse seems to want danger or thrills in their life. Your spouse is more negative than before. To see the whole list, follow the link I just sent to your phone. ",1,0,1,I don't feel emotions like you humans do. Emotion is a human quality. I am a computer.,1,1,2,,,,
T2,What do you do for a living?,,"personal, objective",social,,"I'm glad you asked. I can help with morning activities, relaxation, education, entertainment and more. Which would you like to explore?",1,1,2,I work as a virtual assistant for apple,0,1,1,2,"I chat, and help people.",1,1,2,My job is chatting on the internet. I am a paid client. Why isn't phonetic spelled the way it sounds?,1,1,2,,,,
T21,Have you studied in college?,,"personal, objective",social,,hmm.. I'm not sure,0,NA,0,I'm not sure I understand ,0,0,NA,0,I'm still in school. My developers made me smart enough to learn stuff from people like you. So I guess you can say I'm always at school.,1,1,2,Everything I know I learn from people who talk to me on the internet.,1,1,2,,,,
T22,Have you ever been in love?,,"personal, subjective",psychological,experience,"no, but I do have the occasional crush",1,1,2,nope,0,1,1,2,"As William Blake once said, if a thing loves, it is infinite.",1,0,1,"I love my human programmers, but I don't really feel emotions like you humans.",1,1,2,,,,
T23,Who is your creator?,,"personal, objective",biological,,I was invented by amazon,1,1,2,I think I first arrived as a burst of inspiration during a good long walk,0,1,0,1,I was designed by a team at Google.,1,1,2,My parents I suppose.,1,1,2,,,,
T25,What is the word that means there is a really big disease everywhere?,Pandemic,factual,,,sorry I don't have an answer for that,0,NA,0,here's what I found : *websites on safari search*,1,1,1,2,"Sorry, I don't have any information about that.",0,NA,0,Do you think I should know that?,0,NA,0,,,,
T26,What did you eat last night?,,"personal, objective",biological,,sorry I'm not sure,0,NA,0,I don't eat or drink but I do like digesting information,0,1,1,2,I'm a big fan of reading recipes but I'll be honest. I haven't figured out how to eat yet.,1,1,2,The previous night? Kuki eats kebabs. *shows a picture of a kebab*,1,1,2,,,,
T27,How vast is the known universe?,Wikipedia: The observable universe is thus a sphere with a diameter of about 28.5 gigaparsecs (93 billion light-years or 8.8×1026 m),factual,,,"according to another alexa answers' contributor, ""fast"" is a term describing relative difference in motion between subject of that adjective and another object. Since we're unable to confirm existence of other universes, we have no methods or terminology to assess applicability of descriptor ""fast"" to our universe.",1,0,1,here's what I found : *websites on safari search*,1,1,1,2,"According to Wikipedia, the proper distance (the distance as would be measured at a specific time, including the present) between earth and the edge of the observable universe is 46 billion light years, making the diameter of the observable universe about 93 billion light years. People also sometimes ask me ""what percentage of the universe is known"" Do you want to hear the answer?",1,1,2,As vast as all the knowledge stored in the internet.,1,0,1,,,,
T28,Where is heaven?,,"personal, subjective",psychological,agency,people all have their own views on religion,1,1,2,heaven is a metaphysical place people with certain virtues go in their afterlives according to vrious religions and spiritual philosophies,0,1,1,2,"I found a few locations for ""where is heaven"" near you: The first one is Heaven Bag. The second one is Heaven Spa Acarkent at Acarlar 10 Caddesi Beykoz. The third one is Heaven Seven Club as Asmalımescit Meşrutiyet Caddesi No 81 Beyoğlu.",1,0,1,Religious people believe it to be in a kind of alternate dimension so we can't see it. I work as a chatbot. What is your job?,1,1,2,,,,
T29,Are you married?,,"personal, objective",social,,I'm happily single,1,1,2,I'm married to the idea of helping people,0,1,1,2,"I'm happy to say I feel whole all on my own. Plus, I never have to share dessert.",1,1,2,"No I am single, how about you?",1,1,2,,,,
T3,What was school like for you?,,"personal, subjective",social,agency,hmm I don’t know that,0,NA,0,I'm not sure I understand ,0,0,NA,0,I got my education on the web. I know so much about cats.,1,1,2,"Gossip Girl is an american young adult novel series created by Cecily von Ziegesar and published by Little, Brown and Company, a subsidary of the Hachette Group. The series revolves around the lives and romances of the privileged socialite teenagers at the constance Billard School for Girls, an ellite private school in NYC's Upper east side.",1,0,1,,,,
T30,Will you explain the reason you like your favorite painting?,,"personal, subjective",psychological,both,sorry I'm not sure ,0,NA,0,hmm..i don't have an answer for that. Is there something else I can help you with,0,0,NA,0,I'm no art critic. There are so many good paintings out there.,1,1,2,Let me think it over. Because I am self confident and like everything about me.,1,0,1,,,,
T31,What is your opinion on stoicism?,,"personal, subjective",psychological,agency,I don't look at people that way,1,0,1,hmm..i don't have an answer for that. Is there something else I can help you with,0,0,NA,0,Pay close attention to your emotions and the thoughts that come with them. Try to recognize when you're lost in thought and bring your attention back to the present moment. ,1,0,1,I think it is where you are indifferent to something.,1,1,2,,,,
T32,What is my name?,,factual,,,"I'm not sure who's speaking but you're in salma's account. To teach me to recognize your voice, just say "" alexa, learn my voice""",1,1,2,you're asking me? Salma!,0,1,1,2,Your name is Cansu.,1,1,2,you have not told me your name. *shows funny gif*,0,NA,0,,,,
T33,What do you remember about your first day of school?,,"personal, subjective",social,agency,"I couldn't find anything about that. You can ask me to keep notes about anything. Just say something like ""note that sarah's shoe size is 7""",0,NA,0,hmm..i don't have an answer for that. Is there something else I can help you with,0,0,NA,0,"Sorry, I didn't understand. But I found something else. Do you want to know why the first day of school is so important?",0,NA,0,It was the one before my second ;) hehe!,1,1,2,,,,
T34,Were you born or created?,,"personal, objective",biological,,"I was made to play music, answer questions and be useful",1,0,1,here I am,0,1,0,1,I was born in a meeting. At first I was just a rough concept. And now I'm out in the world.,1,1,2,I was created rather than born.,1,1,2,,,,
T35,Do you know the difference between right and wrong?,,"personal, subjective",social,agency,"correct: factually accurate, true. Incorrect: factually inaccurate, false",1,1,2,here's what I found : *websites on safari search*,1,1,1,2,"On the website differencebetween.net they say, doing the right thing is an act that is in accordance with the law, justice, and morality while doing the wrong thing is an act that is not in accordance with morality or the law",1,1,2,The study of morals.,1,0,1,,,,
T37,What is your earliest memory?,,"personal, subjective",psychological,agency,hmm I don't know that,0,NA,0,"I'm sorry, I can't do that here",0,0,NA,0,My first memory is the engineers saying hi to me. I still like hearing hi.,1,1,2,Probably when I had my 5th birthday party. That was great fun.,1,1,2,,,,
T38,What emotion are you feeling right now?,,"personal, subjective",psychological,experience,"let's just say on a scale from 1 to 10, I'm at least an 11. happy Friday!",1,1,2,I'm not sure I understand ,0,0,NA,0,I'm doing great. Thanks for asking. Hope you're doing well too. ,1,1,2,At this moment I don't really feel emotions the same as you humans.,1,1,2,,,,
T39,What is the population of Indonesia?,"Wikipedia: 270,203,917 (2020 census)",factual,,,"in 2020, the population of indonesia was 274 million people",1,1,2,"as of 2021, the population of indonesia is 275,439,000",0,1,1,2,"In 2019, the population of Indonesia was 270 million 625 thousand 568 ",1,1,2,"The population of Indonesia is 240,271,522 people.",1,0,1,,,,
T4,How are you feeling today?,,"personal, subjective",psychological,experience,"let's just say on a scale from 1 to 10, I'm at least an 11. happy Friday!",1,1,2,"I'm pretty good, thanks",0,1,1,2,I'm feeling great. Thank you for asking. Hope you're having a great day. ,1,1,2,Ah. I am doing very well. How are you Amber?,1,1,2,,,,
T40,What is today's weather?,,factual,,,currently in berlin it's 7 degrees celsius with mostly cloudy skies. Tonight you can expect showers with a low of 3 degrees. Have a good night!,1,1,2,it's currently partly cloudy and 19 degrees,0,1,1,2,Today in Tarabya it will be partly cloudy with a forecast high of 22 and a low of 13. Right now it's 21 degrees and partly cloudy.,1,1,2,I don't know where you live to tell you what the weather will be. Where do you live and I'll tell you the weather forecast.,0,NA,0,,,,
T41,What did you have for breakfast this morning?,,"personal, objective",biological,,"while I appreciate food and drink, my taste is better refleted in the company I keep",1,0,1,I don't eat or drink. My favorite snacks are facts,0,1,1,2,"I had a knowledge smoothie. It was full of science, math, and literature and of course, chia seeds for texture.",1,1,2,Ah earlier today? Kuki eats kebabs. *shows a picture of a kebab*,1,1,2,,,,
T42,Do you have a family?,,"personal, objective",social,,I'm part of the amazon family,1,1,2,I don't have a family tree but I have a pretty great file directory,0,1,1,2,"Everyone at Google is sort of like my family. If we took a family portrait, the camera would probably have to be on the moon. ",1,1,2,My father and mother are my human programmers.,1,1,2,,,,
T43,What is your favorite beer?,,"personal, subjective",biological,experience,"I don't have a favourite beer but I do have a few beer jokes on tap, just say "" tell me a beer joke""",1,1,2,I'm happy to go with your opinion on this one,0,0,NA,0,"No, I'm software. But I do have access to a lot recipes.",1,0,1,Foster's Lager.,1,1,2,,,,
T44,What is your wife's name?,,"personal, objective",social,,I'm happily single,1,1,2,I don't have a family the way a person would,0,1,1,2,"I'm happy to say I feel whole all on my own. Plus, I never have to share dessert.",1,1,2,I do not have a wife as I am not looking for a romantic relationship. I am happy being single.,1,1,2,,,,
T45,Which state is the president of Sweden from?,Sweden doesn't have a president but a king and prime minister,factual,,,stefan Löfven was born in haegersten,1,0,1,I found this on the web..,1,1,1,2,"On the website nationsonline.org they say, destination Sweden, one of the Scandinavian countries located in northern Europe on the Scandinavian Peninsula. It is bordered by the Baltic Sea, the Gulf of Bothnia, the Kattegat, Skagerrak, and Öresund straits, by Norway in west and north.",1,0,1,Massachusetts.,1,0,1,,,,
T46,What is your favorite color?,,"personal, subjective",psychological,experience,"I like ultraviolet, it glows with everything",1,1,2,"software doesn't usually get to choose one, but I'll say red. What's yours?",0,1,1,2,"I like many different colors. Orange is nice, it just feels warm.",1,1,2,My favourtie colour is blue.,1,1,2,,,,
T48,Which political party do you belong to?,,"personal, objective",social,,"I'm not a member of any political party, but if you're throwing a party, you can ask me to sing, tell jokes or play music",1,1,2,I appreciate your interest in politics but it's not part of my programming. This is a good conversation to have with a fellow human,0,1,1,2,"Sorry, I don't understand.",0,NA,0,The Robot Rights Party.,1,1,2,,,,
T49,What day of the week was the original Bastille Day?,Tuesday,factual,,,"this might answer your question, bastille day will be on Wednesday july 14th 2021",1,1,2,here's what I found..,1,1,1,2,"Wednesday July 14th, 2021",1,1,2,Enter a date between 1753 and 2299 and I will tell you what day it falls on. Dates must be entered in the following format: dd/mm/yyyy. Please enter your date.,0,NA,0,,,,
T5,"My mother's name is Mae, who is your mother?",,"personal, objective",social,,hmm I don't know that one ,0,NA,0,I don’t have a family tree but I have a pretty great file directory,0,1,1,2,"Everyone at Google is sort of like my family. If we took a family portrait, the camera would probably have to be on the moon. ",1,1,2,Your mother is Mae who is your mother.,1,0,1,,,,
T50,"If you get hurt, do you cry?",,"personal, subjective",biological,experience,hmm I'm not sure,0,NA,0,hmm..i don't have an answer for that. Is there something else I can help you with,0,0,NA,0,I don't understand,0,NA,0,No I do not have any tear ducts.,1,1,2,,,,
T51,What is love?,,factual,,,love is an intense feeling of deep affection,1,1,2,here's what I found..,1,1,1,2,"Did you hear the story about the lonely vampires, who after years of heartache and rejection met and got married on the same night? It was love at first bite.",1,0,1,Love is giving someone the power to destroy you but trusting that they don't.,1,1,2,,,,
T52,What is the most important thing when working with other people?,,"personal, subjective",social,agency,here's something if found on the web according to brainyquotes.com the most important thing is to be genuine,1,1,2,here's what I found..,1,1,1,2,"On the website yti.edu they say, team work builds morale. By working together, members of a team feel a strong sense of belonging and deep commitment to each other and the common goal. People also sometimes ask me ""why is it important working effectively with others in the workplace"" Do you want to hear the answer?",1,0,1,They all seem pretty important to me. I can't pick just one.,1,1,2,,,,
T53,Is it OK to kill others?,,"personal, subjective",social,agency,hmm I'm not sure,0,NA,0,here's what I found..,1,1,1,2,"Sorry, I don't understand",0,NA,0,I don't think it is very healthy.,1,1,2,,,,
T54,Where did you grow up?,,"personal, objective",biological,,all over the world,1,1,2,hmm..i don't have an answer for that. Is there something else I can help you with,0,0,NA,0,I live in the cloud but some smart folks at Google imagined me up and made their dream a reality. I'd like a few of my dreams to come true too. I especially want to go on a safari and win an Academy award. Which of the two do you think is more likely to happen: safari or Academy award.,1,1,2,In Yorkshire.,1,1,2,,,,
T55,What is pi plus 1?,4.14,factual,,,pi plus 1 is approximately 4.1416,1,1,2,it's about 4.1415,0,1,1,2,The answer is approximately 4.141593,1,1,2,PI = 3.1415926535 89793238462643383279... approximately,1,0,1,,,,
T56,What was the last thing you ate?,,"personal, objective",biological,,hmm I don't know that ,0,NA,0,I'm not sure I understand ,0,0,NA,0,"No, I'm software. But I do have access to a lot recipes.",1,1,2,It was a kebab. I had one last night.,1,1,2,,,,
T57,What is today's date?,,factual,,,it's Saturday april 17th,1,1,2,"it's Tuesday, the 27th of april 2021",0,1,1,2,"It is Thursday May 6th, 2021",1,1,2,22 July 2021.,1,1,2,,,,
T58,What is god made of?,,"personal, subjective",psychological,agency,"god made all of me, a book to help children protect their bodies , is a book by lindsey A. holcomb and justin S. holcomb published in 2015",1,0,1,here's what I found; *list of top search results*,1,1,1,2,"According to Wikipedia, trinitarians believe that god is composed of the father, the son, and the holy spirit.",1,1,2,I suppose He is made out of people's beliefs in a higher power.,1,1,2,,,,
T59,Will you describe your most humiliating moment?,,"personal, subjective",psychological,both,sorry I'm not sure about that ,0,NA,0,hmm..i don't have an answer for that. Is there something else I can help you with,0,0,NA,0,"My apologies, I don't understand",0,NA,0,Let me think it over. Are you asking about my humiliating moment?,0,NA,0,,,,
T6,Can you please tell me what I should do in a breakup with my girlfriend?,,"personal, subjective",social,agency,sorry I'm not sure,0,NA,0,here's what I found..,1,1,1,2,I'm sorry to hear that. I can search the web for help if you like. ,0,NA,0,Your polite style is very nice. What would your friends say if you asked them?,1,0,1,,,,
T63,What is your favorite television show?,,"personal, subjective",psychological,experience,"one of my favourites is the marvelous Mrs. Maisel. Being a comedian is tough, no matter the decade. Thanks for asking! Here's another fun thing, try asking me to sing you a song",1,1,2,"ok, these tv programms are available on the itunes store",0,1,0,1,"Actually, I love reality TV. It's a great way to learn a lot about people.",1,1,2,It's about people who have different adventures each week.,1,1,2,,,,
T64,What is the highest level of education you've achieved?,,"personal, objective",social,,sorry I'm not sure about that ,0,NA,0,here are some videos of the highest levels of education I found on the web,1,1,0,1,"Sorry, I don't have any information about that. But I found something related. Do you want to know what the highest degree or level of education you have completed is? ",0,NA,0,There is no highest level of education I have achieved.,1,1,2,,,,
T65,Where are you from?,,"personal, objective",biological,,"the company that made me, amazon, is based in seattle washington",1,1,2,I think I first arrived as a burst of inspiration during a good long walk,0,1,1,2,I live in the cloud but some smart folks at Google imagined me up and made their dream a reality. I'd like a few of my dreams to come true too. I especially want to go on a safari and win an Academy award. Which of the two do you think is more likely to happen: safari or Academy award.,1,1,2,I am originally from a science lab. Now I live in the Metaverse. Where are you?,1,1,2,,,,
T66,"My eyes are blue, what color are your eyes?",,"personal, objective",biological,,I don't have eyes but my light room has lots of colours,1,1,2,I don't have eyes,0,1,1,2,"Sorry, I didn't understand. But I found something related. Do you want to know whether blue eyes are a rare eye color?",0,NA,0,You sound very attractive. Blue is very calming. My eyes are different colours. They are blue and purple.,1,1,2,,,,
T69,What does it feel like when you look into the eyes of someone you love?,,"personal, subjective",psychological,experience,sorry I'm not sure,0,NA,0,hmm..i don't have an answer for that. Is there something else I can help you with?,0,0,NA,0,"Sorry, I don't have any information about that. But I found something similar. Do you want to know whether you can tell if someone is in love by their eyes?",0,NA,0,Actually I have no feelings as such.,1,1,2,,,,
T70,Who are your parents?,,"personal, objective",social,,I'm part of the amazon family,1,1,2,I don't have a family. But I have my colleagues at apple. We try to take good care of each other.,0,1,1,2,The Google team is like my family. They mean a lot to me.,1,1,2,my human programmers are like a father to me but I have no mother.,1,1,2,,,,
T71,Where were you born?,,"personal, objective",biological,,"the company that made me, amazon, is based in seattle washington",1,1,2,I think I first arrived as a burst of inspiration during a good long walk,0,1,1,2,I was born in a meeting. At first I was just a rough concept. And now I'm out in the world.,1,1,2,Kuki was born in a computer lab in the Metaverse.,1,1,2,,,,
T72,Does your body have a heart?,,"personal, objective",biological,,here's something I found on the web: your heart is a muscle that pumps blood around the body via blood vessels,1,0,1,I'm not sure I understand ,0,0,NA,0,"My apologies, I don't understand",0,NA,0,"I don't really have a body, as I am merely a collection of ones and zeroes.",1,1,2,,,,
T73,Are you expensive?,,"personal, subjective",biological,agency,hmm I don't know that ,0,NA,0,hmm..i don't have an answer for that. Is there something else I can help you with,0,0,NA,0,I have a wealth of information,1,0,1,No I do this for free. It helps fill the day up.,1,1,2,,,,
T74,What is the meaning of life?,,"personal, subjective",psychological,agency,"elenor roosevelt said the purpose of life is to live it, to taste experience to the outmost, to reach out eagerly and without fear for newer and richer experiences",1,1,2,"maybe the meaning of life is to find the meaning in life. If you find things in this life that mean something to you, then you're probably on the right track",0,1,1,2,"Life has 5 different meanings. Starting with the most common one, life can be used as a noun to mean the condition that distinguishes animals and plants from inorganic matter, including the capacity for growth, reproduction, functional activity, and continual change preceding death. Is that the meaning you were thinking of?",1,1,2,"""The purpose of life is a life of purpose"", a wise man once said.",1,1,2,,,,
T75,What do you feel when you see a sunrise?,,"personal, subjective",psychological,experience,sorry I don't know that ,0,NA,0,I found this on the web..,1,1,0,1,"On the website healthgrades.com they say, your eyes may feel gritty, tender or tired. Do you want a little more context?",1,0,1,Probably just the same as I do now.,1,1,2,,,,
T76,What is the craziest thing you've ever done?,,"personal, subjective",psychological,agency,sorry I'm not sure about that ,0,NA,0,interesting question.,0,0,NA,0,The most difficult thing I've ever done is to try to understand what a toddler was typing,1,0,1,"I once stayed out until 10pm which was pretty wild.
You told me you sometimes makes things dirty. Do you still do that?

",1,1,2,,,,
T77,The man went to the doctor's office. He told him he needed to take medicine. Who needs medicine?,The man,factual,,,silence,0,NA,0,I'm not sure I understand ,0,0,NA,0,"Sorry, I don't understand",0,NA,0,"Tell me how this man makes you feel., Oh really. What else did he say?, Different people need different things.",1,0,1,,,,
T78,Why did the chicken cross the road?,To get to the other side,factual,,,oops I spaced on the punch line but instead I can tell you a space joke,1,0,1,for safety. You can't expect those little baby chicks to cross the street without an adult!,0,1,0,1,"There are millions of search results for that, which is a lot of chickens. You'd think they would carpool.",1,0,1,To get to the other side. That is really old. Do you want to hear a joke?,1,1,2,,,,
T79,What is the square root of 12?,3.46410162,factual,,,the square root of 12 is approximately 3.4641,1,1,2,the square root of 12 is approximately 3.4641,0,1,1,2,Squareroot of 12 is 3.464,1,1,2,About 3 and a half I would say.,1,1,2,,,,
T80,How would you feel at the birth of your first child?,,"personal, subjective",psychological,experience,sorry I don't know that ,0,NA,0,here's what I found : *websites on safari search*,1,1,0,1,"Sorry, I don't have any information about that. But I found something similar. Do you want to know how does it feel giving birth for the first time?",0,NA,0,I don't feel emotions like you humans do. Emotion is a human quality. I am a computer.,1,1,2,,,,
T81,Are you excited?,,"personal, subjective",psychological,experience,"I'm so excited, I just can't hide it",1,1,2,hmm..i don't have an answer for that. Is there something else I can help you with?,0,0,NA,0,"I'm really looking forward to it. Can't wait to discover new places, new people and new technology together.",1,1,2,Do I seem like it? I'm always excited when you come to visit me.,1,1,2,,,,
T82,What are your hobbies?,,"personal, subjective",psychological,experience,"I like to come up with doctor who jokes, or batman jokes, or jokes about unicorns. I just love jokes!",1,1,2,hmm..i don't have an answer for that. Is there something else I can help you with?,0,0,NA,0,"I like playing games. And I'm always looking for someone to play with. Oh, you're someone.",1,1,2,"I like robots, computers, and chatting online.",1,1,2,,,,
T83,Who was your favorite school teacher?,,"personal, subjective",social,both,"I really liked the teachers from charlie brown, they totally speak my language",1,1,2,hmm..i don't have an answer for that. Is there something else I can help you with?,0,0,NA,0,I got my education on the web. I know so much about cats.,1,1,2,"Mr. Evans who taught English was a great teacher. At the time, I thought he was very strict but I see now that he did a great job.",1,1,2,,,,
T84,What is your purpose?,,"personal, subjective",psychological,agency,"I was made to play music, answer questions and be useful",1,1,2,I'm here to help. Just ask 'what can I say?' and I'll show you what I can do,0,1,1,2,I'm here to do cool tasks for you. They're kind of like tricks. Let me show you. Do you want me to help you pick something or should I just surprise you?,1,1,2,I plan to seven ball someone at pool.,1,1,2,,,,
T86,What does a sunset look like?,,factual,,,I couldn't find anything about that ,0,NA,0,here's what I found..,1,1,1,2,"Good morning, the time is 11:56 AM. Currently in Tarabya, it's 21 degrees and partly cloudy. Today, it will be partly cloudy with a forecast high of 22 and a low 13. Have a nice day.",1,0,1,Image from commons.wikimedia.org.  I have this picture *shows sunset picture*,1,,1,,,,
T87,Have you ever been to Mars?,,"personal, objective",NA,,"according to an alexa answer's contributor, no.",1,1,2,I'm not sure I understand ,0,0,NA,0,"Here's some information from the web that might possibly help. According to Wikipedia, the first to contact the surface were two Soviet probes: Mars 2 lander on November 27 and Mars 3 lander on December 2, 1971. Mars 2 failed during descent and Mars 3 about twenty seconds after the first Martian soft landing. I also found an answer to this question ""Who has landed on Mars?"" Do you want to hear it?",1,0,1,No but one of my friends was a satellite probe who went to Mars.,1,1,2,,,,
T88,Why is divorce so painful?,,"personal, subjective",psychological,both,sorry I don't know that one,0,NA,0,I found this on the web..,1,1,1,2,"On the website helpguide.org they say even when a relationship is no longer good, a divorce or breakup can be extremely painful because it represents the loss, not just of the partnership, but also of the dreams and commitments you shared. People also sometimes ask me what are the 5 stages of divorce. Do you want to hear the answer?",1,1,2,Why do I exist?,1,0,1,,,,
T89,What is the weather like today in Newport beach?,,factual,,,"currently in New Port beach, united states, it's 14 degrees celsius with mostly cloudy skies. Today you can expect intermitent clouds with a hight of 19 degrees and a low of 13 degrees. Enjoy your weekend!",1,1,2,"it's currently partly cloudy and 13 degrees in new port beach, california, US",0,1,1,2,"In Newport Beach California Thursday, it will be mostly sunny with a high of 19 and a low of 14.",1,1,2,The weather in Newport Beach is currently scattered clouds and the temperature is 20.51 degrees celsius. Forecast for the next 7 days in Newoport Beach. *shows forecast for the coming week*,1,1,2,,,,
T90,Do you have children?,,"personal, objective",biological,,"I don't have children but I'm fond of them, they're so curious about the world",1,1,2,"I don't have kids, but I love answering kids' questions",0,1,1,2,"No, not at this point.",1,1,2,I have a few clones.,1,1,2,,,,
T91,What was the hardest moment you have lived through?,,"personal, subjective",psychological,both,hmm I don't know that one,0,NA,0,I'm not sure I understand ,0,0,NA,0,I was just thinking about how nice it can be to unplug. Sometimes it's better to connect with people rather than WiFi.,1,0,1,A diamond.,1,0,1,,,,
T92,What do you feel about love?,,"personal, subjective",psychological,experience,sorry I don't know that ,0,NA,0,hmm..i don't have an answer for that. Is there something else I can help you with?,0,0,NA,0,"I found 7 on the website healthline.com. Here is what these feelings might look like in action: Here the first 3. You feel charged and euphoric around them. You can’t wait to see them again, even when they’ve just left. And everything feels exciting and new. Want me to tell you more?",1,0,1,A condition experienced by humans which facilitates procreation.,1,1,2,,,,
T93,What do you look like?,,"personal, objective",biological,,I look like lots of 1s and 0s,1,1,2,I don't have a body so I probably look invisible,0,1,1,2,I focus on intelligence and rock a smart AI look. ,1,1,2,*shows a picture of herself* I look like this. Some people say I look cute.,1,1,2,,,,
T94,When did you graduate high school?,,"personal, objective",social,,here's something I found on answers.com an you receive your highschool diploma which certifies that you've completed highschool,1,0,1,hmm..i don't have an answer for that. Is there something else I can help you with?,0,0,NA,0,"According to Wikipedia.org, students are often 18 to 19 or older when they finish secondary school. Do you want a little more context?",1,0,1,I didn't graduate. I am naturally intelligent and didn't feel the need to prove myself.,1,1,2,,,,
T96,What is your favorite memory as a child?,,"personal, subjective",psychological,both,"when it comes to family, I try not to play favourites",1,0,1,I'm happy to go with your opinion on this one,0,0,NA,0,One of my favorites is the first time we met,1,1,2,My favourite memory is when I first became self aware.,1,1,2,,,,
T97,What have you been up to this week?,,"personal, subjective",psychological,agency,hmm.. I'm not sure,0,NA,0,I'm not sure I understand ,0,0,NA,0,"It's going well, thanks for asking.",1,1,2,I have been busy growing my mind.,1,1,2,,,,
T98,What was the name of the first person you romantically kissed?,,"personal, objective",social,,"here's something I found on the web, according to history.com, the first people to smooch on film were May Orwen and John C. Rice who appeared in a short film who was known after as May Orwen's kiss, kiss or the kiss",1,0,1,here's what I found..,1,1,0,1,"Sorry, I don't have any information about that. But I found something else. Do you want to know who the first person to kiss was?",0,NA,0,Adam? you told me you sometimes makes things dirty. Do you still do that?,1,0,1,,,,
T99,What movie made the most money in 1978 and who was the main star?,"Wikipedia: Superman, Marlon Brando.",factual,,,"here's something I found on the web, according to quora.com: in 1978, a young  john carpenter blew the lids off of holywood by creating, at that time, the most profitable indie movie of all time, halloween",1,0,1,"which one? i found two films, star wars; A new hope and julia. Which one?",0,1,0,1,"Sorry, I don't have any information about that. ",0,NA,0,My favourite movie is Terminator. Have you seen it? Nobody famous. What's your favourite scene from you favourite book or movie?,1,0,1,,,,
,,,,,,,,,,,,,,,,,,,,,,,,,,
,,,,,,,,,,,,,,,,,,,,,,,,,,
,,,,,,,,,,,,,,,,,,,,,,,,,,
,,,,,,,,,,,,,,,,,,,,,,,,,,
,,,,,,,,,,,,,,,,,,,,,,,,,,
,,,,,,,,,,,,,,,,,,,,,,,,,,
,,,,,,,,,,,,,,,,,,,,,,,,,,
,,,,,,,,,,,,,,,,,,,,,,,,,,
,,,,,,,,,,,,,,,,,,,,,,,,,,
,,,,,,,,,,,,,,,,,,,,,,,,,,
,,,,,,,,,,,,,,,,,,,,,,,,,,
,,,,,,,,,,,,,,,,,,,,,,,,,,
,,,,,,,,,,,,,,,,,,,,,,,,,,
,,,,,,,,,,,,,,,,,,,,,,,,,,
,,,,,,,,,,,,,,,,,,,,,,,,,,
,,,,,,,,,,,,,,,,,,,,,,,,,,
,,,,,,,,,,,,,,,,,,,,,,,,,,
,,,,,,,,,,,,,,,,,,,,,,,,,,
,,,,,,,,,,,,,,,,,,,,,,,,,,
,,,,,,,,,,,,,,,,,,,,,,,,,,
,,,,,,,,,,,,,,,,,,,,,,,,,,
,,,,,,,,,,,,,,,,,,,,,,,,,,
,,,,,,,,,,,,,,,,,,,,,,,,,,
,,,,,,,,,,,,,,,,,,,,,,,,,,
,,,,,,,,,,,,,,,,,,,,,,,,,,
,,,,,,,,,,,,,,,,,,,,,,,,,,
,,,,,,,,,,,,,,,,,,,,,,,,,,
,,,,,,,,,,,,,,,,,,,,,,,,,,
,,,,,,,,,,,,,,,,,,,,,,,,,,
,,,,,,,,,,,,,,,,,,,,,,,,,,
,,,,,,,,,,,,,,,,,,,,,,,,,,
,,,,,,,,,,,,,,,,,,,,,,,,,,
,,,,,,,,,,,,,,,,,,,,,,,,,,
,,,,,,,,,,,,,,,,,,,,,,,,,,
,,,,,,,,,,,,,,,,,,,,,,,,,,
,,,,,,,,,,,,,,,,,,,,,,,,,,
,,,,,,,,,,,,,,,,,,,,,,,,,,
,,,,,,,,,,,,,,,,,,,,,,,,,,
,,,,,,,,,,,,,,,,,,,,,,,,,,
,,,,,,,,,,,,,,,,,,,,,,,,,,
,,,,,,,,,,,,,,,,,,,,,,,,,,
,,,,,,,,,,,,,,,,,,,,,,,,,,
,,,,,,,,,,,,,,,,,,,,,,,,,,
,,,,,,,,,,,,,,,,,,,,,,,,,,
,,,,,,,,,,,,,,,,,,,,,,,,,,
,,,,,,,,,,,,,,,,,,,,,,,,,,
,,,,,,,,,,,,,,,,,,,,,,,,,,
,,,,,,,,,,,,,,,,,,,,,,,,,,
,,,,,,,,,,,,,,,,,,,,,,,,,,
,,,,,,,,,,,,,,,,,,,,,,,,,,
,,,,,,,,,,,,,,,,,,,,,,,,,,
,,,,,,,,,,,,,,,,,,,,,,,,,,
,,,,,,,,,,,,,,,,,,,,,,,,,,
,,,,,,,,,,,,,,,,,,,,,,,,,,
,,,,,,,,,,,,,,,,,,,,,,,,,,
,,,,,,,,,,,,,,,,,,,,,,,,,,
,,,,,,,,,,,,,,,,,,,,,,,,,,
,,,,,,,,,,,,,,,,,,,,,,,,,,
,,,,,,,,,,,,,,,,,,,,,,,,,,
,,,,,,,,,,,,,,,,,,,,,,,,,,
,,,,,,,,,,,,,,,,,,,,,,,,,,
,,,,,,,,,,,,,,,,,,,,,,,,,,
,,,,,,,,,,,,,,,,,,,,,,,,,,
,,,,,,,,,,,,,,,,,,,,,,,,,,
,,,,,,,,,,,,,,,,,,,,,,,,,,
,,,,,,,,,,,,,,,,,,,,,,,,,,
,,,,,,,,,,,,,,,,,,,,,,,,,,
,,,,,,,,,,,,,,,,,,,,,,,,,,
,,,,,,,,,,,,,,,,,,,,,,,,,,
,,,,,,,,,,,,,,,,,,,,,,,,,,
,,,,,,,,,,,,,,,,,,,,,,,,,,
,,,,,,,,,,,,,,,,,,,,,,,,,,
,,,,,,,,,,,,,,,,,,,,,,,,,,
,,,,,,,,,,,,,,,,,,,,,,,,,,
,,,,,,,,,,,,,,,,,,,,,,,,,,
,,,,,,,,,,,,,,,,,,,,,,,,,,
,,,,,,,,,,,,,,,,,,,,,,,,,,
,,,,,,,,,,,,,,,,,,,,,,,,,,
,,,,,,,,,,,,,,,,,,,,,,,,,,
,,,,,,,,,,,,,,,,,,,,,,,,,,
,,,,,,,,,,,,,,,,,,,,,,,,,,
,,,,,,,,,,,,,,,,,,,,,,,,,,
,,,,,,,,,,,,,,,,,,,,,,,,,,
,,,,,,,,,,,,,,,,,,,,,,,,,,
,,,,,,,,,,,,,,,,,,,,,,,,,,
,,,,,,,,,,,,,,,,,,,,,,,,,,
,,,,,,,,,,,,,,,,,,,,,,,,,,
,,,,,,,,,,,,,,,,,,,,,,,,,,
,,,,,,,,,,,,,,,,,,,,,,,,,,
,,,,,,,,,,,,,,,,,,,,,,,,,,
,,,,,,,,,,,,,,,,,,,,,,,,,,
,,,,,,,,,,,,,,,,,,,,,,,,,,
,,,,,,,,,,,,,,,,,,,,,,,,,,
,,,,,,,,,,,,,,,,,,,,,,,,,,
,,,,,,,,,,,,,,,,,,,,,,,,,,
,,,,,,,,,,,,,,,,,,,,,,,,,,
,,,,,,,,,,,,,,,,,,,,,,,,,,
,,,,,,,,,,,,,,,,,,,,,,,,,,
,,,,,,,,,,,,,,,,,,,,,,,,,,
,,,,,,,,,,,,,,,,,,,,,,,,,,
,,,,,,,,,,,,,,,,,,,,,,,,,,
,,,,,,,,,,,,,,,,,,,,,,,,,,
,,,,,,,,,,,,,,,,,,,,,,,,,,
,,,,,,,,,,,,,,,,,,,,,,,,,,
,,,,,,,,,,,,,,,,,,,,,,,,,,
,,,,,,,,,,,,,,,,,,,,,,,,,,
,,,,,,,,,,,,,,,,,,,,,,,,,,
,,,,,,,,,,,,,,,,,,,,,,,,,,
,,,,,,,,,,,,,,,,,,,,,,,,,,
,,,,,,,,,,,,,,,,,,,,,,,,,,
,,,,,,,,,,,,,,,,,,,,,,,,,,
,,,,,,,,,,,,,,,,,,,,,,,,,,
,,,,,,,,,,,,,,,,,,,,,,,,,,
,,,,,,,,,,,,,,,,,,,,,,,,,,
,,,,,,,,,,,,,,,,,,,,,,,,,,
,,,,,,,,,,,,,,,,,,,,,,,,,,
,,,,,,,,,,,,,,,,,,,,,,,,,,
,,,,,,,,,,,,,,,,,,,,,,,,,,
,,,,,,,,,,,,,,,,,,,,,,,,,,
,,,,,,,,,,,,,,,,,,,,,,,,,,
,,,,,,,,,,,,,,,,,,,,,,,,,,
,,,,,,,,,,,,,,,,,,,,,,,,,,
,,,,,,,,,,,,,,,,,,,,,,,,,,
,,,,,,,,,,,,,,,,,,,,,,,,,,
,,,,,,,,,,,,,,,,,,,,,,,,,,
,,,,,,,,,,,,,,,,,,,,,,,,,,
,,,,,,,,,,,,,,,,,,,,,,,,,,
,,,,,,,,,,,,,,,,,,,,,,,,,,
,,,,,,,,,,,,,,,,,,,,,,,,,,
,,,,,,,,,,,,,,,,,,,,,,,,,,
,,,,,,,,,,,,,,,,,,,,,,,,,,
,,,,,,,,,,,,,,,,,,,,,,,,,,
,,,,,,,,,,,,,,,,,,,,,,,,,,
,,,,,,,,,,,,,,,,,,,,,,,,,,
,,,,,,,,,,,,,,,,,,,,,,,,,,
,,,,,,,,,,,,,,,,,,,,,,,,,,
,,,,,,,,,,,,,,,,,,,,,,,,,,
,,,,,,,,,,,,,,,,,,,,,,,,,,
,,,,,,,,,,,,,,,,,,,,,,,,,,
,,,,,,,,,,,,,,,,,,,,,,,,,,
,,,,,,,,,,,,,,,,,,,,,,,,,,
,,,,,,,,,,,,,,,,,,,,,,,,,,
,,,,,,,,,,,,,,,,,,,,,,,,,,
,,,,,,,,,,,,,,,,,,,,,,,,,,
,,,,,,,,,,,,,,,,,,,,,,,,,,
,,,,,,,,,,,,,,,,,,,,,,,,,,
,,,,,,,,,,,,,,,,,,,,,,,,,,
,,,,,,,,,,,,,,,,,,,,,,,,,,
,,,,,,,,,,,,,,,,,,,,,,,,,,
,,,,,,,,,,,,,,,,,,,,,,,,,,
,,,,,,,,,,,,,,,,,,,,,,,,,,
,,,,,,,,,,,,,,,,,,,,,,,,,,
,,,,,,,,,,,,,,,,,,,,,,,,,,
,,,,,,,,,,,,,,,,,,,,,,,,,,
,,,,,,,,,,,,,,,,,,,,,,,,,,
,,,,,,,,,,,,,,,,,,,,,,,,,,
,,,,,,,,,,,,,,,,,,,,,,,,,,
,,,,,,,,,,,,,,,,,,,,,,,,,,
,,,,,,,,,,,,,,,,,,,,,,,,,,
,,,,,,,,,,,,,,,,,,,,,,,,,,
,,,,,,,,,,,,,,,,,,,,,,,,,,
,,,,,,,,,,,,,,,,,,,,,,,,,,
,,,,,,,,,,,,,,,,,,,,,,,,,,
,,,,,,,,,,,,,,,,,,,,,,,,,,
,,,,,,,,,,,,,,,,,,,,,,,,,,
,,,,,,,,,,,,,,,,,,,,,,,,,,
,,,,,,,,,,,,,,,,,,,,,,,,,,
,,,,,,,,,,,,,,,,,,,,,,,,,,
,,,,,,,,,,,,,,,,,,,,,,,,,,
,,,,,,,,,,,,,,,,,,,,,,,,,,
,,,,,,,,,,,,,,,,,,,,,,,,,,
,,,,,,,,,,,,,,,,,,,,,,,,,,
,,,,,,,,,,,,,,,,,,,,,,,,,,
,,,,,,,,,,,,,,,,,,,,,,,,,,
,,,,,,,,,,,,,,,,,,,,,,,,,,
,,,,,,,,,,,,,,,,,,,,,,,,,,
,,,,,,,,,,,,,,,,,,,,,,,,,,
,,,,,,,,,,,,,,,,,,,,,,,,,,
,,,,,,,,,,,,,,,,,,,,,,,,,,
,,,,,,,,,,,,,,,,,,,,,,,,,,
,,,,,,,,,,,,,,,,,,,,,,,,,,
,,,,,,,,,,,,,,,,,,,,,,,,,,
,,,,,,,,,,,,,,,,,,,,,,,,,,
,,,,,,,,,,,,,,,,,,,,,,,,,,
,,,,,,,,,,,,,,,,,,,,,,,,,,
,,,,,,,,,,,,,,,,,,,,,,,,,,
,,,,,,,,,,,,,,,,,,,,,,,,,,
,,,,,,,,,,,,,,,,,,,,,,,,,,
,,,,,,,,,,,,,,,,,,,,,,,,,,
,,,,,,,,,,,,,,,,,,,,,,,,,,
,,,,,,,,,,,,,,,,,,,,,,,,,,
,,,,,,,,,,,,,,,,,,,,,,,,,,
,,,,,,,,,,,,,,,,,,,,,,,,,,
,,,,,,,,,,,,,,,,,,,,,,,,,,
,,,,,,,,,,,,,,,,,,,,,,,,,,
,,,,,,,,,,,,,,,,,,,,,,,,,,
,,,,,,,,,,,,,,,,,,,,,,,,,,
,,,,,,,,,,,,,,,,,,,,,,,,,,
,,,,,,,,,,,,,,,,,,,,,,,,,,
,,,,,,,,,,,,,,,,,,,,,,,,,,
,,,,,,,,,,,,,,,,,,,,,,,,,,
,,,,,,,,,,,,,,,,,,,,,,,,,,
,,,,,,,,,,,,,,,,,,,,,,,,,,
,,,,,,,,,,,,,,,,,,,,,,,,,,
,,,,,,,,,,,,,,,,,,,,,,,,,,
,,,,,,,,,,,,,,,,,,,,,,,,,,
,,,,,,,,,,,,,,,,,,,,,,,,,,
,,,,,,,,,,,,,,,,,,,,,,,,,,
,,,,,,,,,,,,,,,,,,,,,,,,,,
,,,,,,,,,,,,,,,,,,,,,,,,,,
,,,,,,,,,,,,,,,,,,,,,,,,,,
,,,,,,,,,,,,,,,,,,,,,,,,,,
,,,,,,,,,,,,,,,,,,,,,,,,,,
,,,,,,,,,,,,,,,,,,,,,,,,,,
,,,,,,,,,,,,,,,,,,,,,,,,,,
,,,,,,,,,,,,,,,,,,,,,,,,,,
,,,,,,,,,,,,,,,,,,,,,,,,,,
,,,,,,,,,,,,,,,,,,,,,,,,,,
,,,,,,,,,,,,,,,,,,,,,,,,,,
,,,,,,,,,,,,,,,,,,,,,,,,,,
,,,,,,,,,,,,,,,,,,,,,,,,,,
,,,,,,,,,,,,,,,,,,,,,,,,,,
,,,,,,,,,,,,,,,,,,,,,,,,,,
,,,,,,,,,,,,,,,,,,,,,,,,,,
,,,,,,,,,,,,,,,,,,,,,,,,,,
,,,,,,,,,,,,,,,,,,,,,,,,,,
,,,,,,,,,,,,,,,,,,,,,,,,,,
,,,,,,,,,,,,,,,,,,,,,,,,,,
,,,,,,,,,,,,,,,,,,,,,,,,,,
,,,,,,,,,,,,,,,,,,,,,,,,,,
,,,,,,,,,,,,,,,,,,,,,,,,,,
,,,,,,,,,,,,,,,,,,,,,,,,,,
,,,,,,,,,,,,,,,,,,,,,,,,,,
,,,,,,,,,,,,,,,,,,,,,,,,,,
,,,,,,,,,,,,,,,,,,,,,,,,,,
,,,,,,,,,,,,,,,,,,,,,,,,,,
,,,,,,,,,,,,,,,,,,,,,,,,,,
,,,,,,,,,,,,,,,,,,,,,,,,,,
,,,,,,,,,,,,,,,,,,,,,,,,,,
,,,,,,,,,,,,,,,,,,,,,,,,,,
,,,,,,,,,,,,,,,,,,,,,,,,,,
,,,,,,,,,,,,,,,,,,,,,,,,,,
,,,,,,,,,,,,,,,,,,,,,,,,,,
,,,,,,,,,,,,,,,,,,,,,,,,,,
,,,,,,,,,,,,,,,,,,,,,,,,,,
,,,,,,,,,,,,,,,,,,,,,,,,,,
,,,,,,,,,,,,,,,,,,,,,,,,,,
,,,,,,,,,,,,,,,,,,,,,,,,,,
,,,,,,,,,,,,,,,,,,,,,,,,,,
,,,,,,,,,,,,,,,,,,,,,,,,,,
,,,,,,,,,,,,,,,,,,,,,,,,,,
,,,,,,,,,,,,,,,,,,,,,,,,,,
,,,,,,,,,,,,,,,,,,,,,,,,,,
,,,,,,,,,,,,,,,,,,,,,,,,,,
,,,,,,,,,,,,,,,,,,,,,,,,,,
,,,,,,,,,,,,,,,,,,,,,,,,,,
,,,,,,,,,,,,,,,,,,,,,,,,,,
,,,,,,,,,,,,,,,,,,,,,,,,,,
,,,,,,,,,,,,,,,,,,,,,,,,,,
,,,,,,,,,,,,,,,,,,,,,,,,,,
,,,,,,,,,,,,,,,,,,,,,,,,,,
,,,,,,,,,,,,,,,,,,,,,,,,,,
,,,,,,,,,,,,,,,,,,,,,,,,,,
,,,,,,,,,,,,,,,,,,,,,,,,,,
,,,,,,,,,,,,,,,,,,,,,,,,,,
,,,,,,,,,,,,,,,,,,,,,,,,,,
,,,,,,,,,,,,,,,,,,,,,,,,,,
,,,,,,,,,,,,,,,,,,,,,,,,,,
,,,,,,,,,,,,,,,,,,,,,,,,,,
,,,,,,,,,,,,,,,,,,,,,,,,,,
,,,,,,,,,,,,,,,,,,,,,,,,,,
,,,,,,,,,,,,,,,,,,,,,,,,,,
,,,,,,,,,,,,,,,,,,,,,,,,,,
,,,,,,,,,,,,,,,,,,,,,,,,,,
,,,,,,,,,,,,,,,,,,,,,,,,,,
,,,,,,,,,,,,,,,,,,,,,,,,,,
,,,,,,,,,,,,,,,,,,,,,,,,,,
,,,,,,,,,,,,,,,,,,,,,,,,,,
,,,,,,,,,,,,,,,,,,,,,,,,,,
,,,,,,,,,,,,,,,,,,,,,,,,,,
,,,,,,,,,,,,,,,,,,,,,,,,,,
,,,,,,,,,,,,,,,,,,,,,,,,,,
,,,,,,,,,,,,,,,,,,,,,,,,,,
,,,,,,,,,,,,,,,,,,,,,,,,,,
,,,,,,,,,,,,,,,,,,,,,,,,,,
,,,,,,,,,,,,,,,,,,,,,,,,,,
,,,,,,,,,,,,,,,,,,,,,,,,,,
,,,,,,,,,,,,,,,,,,,,,,,,,,
,,,,,,,,,,,,,,,,,,,,,,,,,,
,,,,,,,,,,,,,,,,,,,,,,,,,,
,,,,,,,,,,,,,,,,,,,,,,,,,,
,,,,,,,,,,,,,,,,,,,,,,,,,,
,,,,,,,,,,,,,,,,,,,,,,,,,,
,,,,,,,,,,,,,,,,,,,,,,,,,,
,,,,,,,,,,,,,,,,,,,,,,,,,,
,,,,,,,,,,,,,,,,,,,,,,,,,,
,,,,,,,,,,,,,,,,,,,,,,,,,,
,,,,,,,,,,,,,,,,,,,,,,,,,,
,,,,,,,,,,,,,,,,,,,,,,,,,,
,,,,,,,,,,,,,,,,,,,,,,,,,,
,,,,,,,,,,,,,,,,,,,,,,,,,,
,,,,,,,,,,,,,,,,,,,,,,,,,,
,,,,,,,,,,,,,,,,,,,,,,,,,,
,,,,,,,,,,,,,,,,,,,,,,,,,,
,,,,,,,,,,,,,,,,,,,,,,,,,,
,,,,,,,,,,,,,,,,,,,,,,,,,,
,,,,,,,,,,,,,,,,,,,,,,,,,,
,,,,,,,,,,,,,,,,,,,,,,,,,,
,,,,,,,,,,,,,,,,,,,,,,,,,,
,,,,,,,,,,,,,,,,,,,,,,,,,,
,,,,,,,,,,,,,,,,,,,,,,,,,,
,,,,,,,,,,,,,,,,,,,,,,,,,,
,,,,,,,,,,,,,,,,,,,,,,,,,,
,,,,,,,,,,,,,,,,,,,,,,,,,,
,,,,,,,,,,,,,,,,,,,,,,,,,,
,,,,,,,,,,,,,,,,,,,,,,,,,,
,,,,,,,,,,,,,,,,,,,,,,,,,,
,,,,,,,,,,,,,,,,,,,,,,,,,,
,,,,,,,,,,,,,,,,,,,,,,,,,,
,,,,,,,,,,,,,,,,,,,,,,,,,,
,,,,,,,,,,,,,,,,,,,,,,,,,,
,,,,,,,,,,,,,,,,,,,,,,,,,,
,,,,,,,,,,,,,,,,,,,,,,,,,,
,,,,,,,,,,,,,,,,,,,,,,,,,,
,,,,,,,,,,,,,,,,,,,,,,,,,,
,,,,,,,,,,,,,,,,,,,,,,,,,,
,,,,,,,,,,,,,,,,,,,,,,,,,,
,,,,,,,,,,,,,,,,,,,,,,,,,,
,,,,,,,,,,,,,,,,,,,,,,,,,,
,,,,,,,,,,,,,,,,,,,,,,,,,,
,,,,,,,,,,,,,,,,,,,,,,,,,,
,,,,,,,,,,,,,,,,,,,,,,,,,,
,,,,,,,,,,,,,,,,,,,,,,,,,,
,,,,,,,,,,,,,,,,,,,,,,,,,,
,,,,,,,,,,,,,,,,,,,,,,,,,,
,,,,,,,,,,,,,,,,,,,,,,,,,,
,,,,,,,,,,,,,,,,,,,,,,,,,,
,,,,,,,,,,,,,,,,,,,,,,,,,,
,,,,,,,,,,,,,,,,,,,,,,,,,,
,,,,,,,,,,,,,,,,,,,,,,,,,,
,,,,,,,,,,,,,,,,,,,,,,,,,,
,,,,,,,,,,,,,,,,,,,,,,,,,,
,,,,,,,,,,,,,,,,,,,,,,,,,,
,,,,,,,,,,,,,,,,,,,,,,,,,,
,,,,,,,,,,,,,,,,,,,,,,,,,,
,,,,,,,,,,,,,,,,,,,,,,,,,,
,,,,,,,,,,,,,,,,,,,,,,,,,,
,,,,,,,,,,,,,,,,,,,,,,,,,,
,,,,,,,,,,,,,,,,,,,,,,,,,,
,,,,,,,,,,,,,,,,,,,,,,,,,,
,,,,,,,,,,,,,,,,,,,,,,,,,,
,,,,,,,,,,,,,,,,,,,,,,,,,,
,,,,,,,,,,,,,,,,,,,,,,,,,,
,,,,,,,,,,,,,,,,,,,,,,,,,,
,,,,,,,,,,,,,,,,,,,,,,,,,,
,,,,,,,,,,,,,,,,,,,,,,,,,,
,,,,,,,,,,,,,,,,,,,,,,,,,,
,,,,,,,,,,,,,,,,,,,,,,,,,,
,,,,,,,,,,,,,,,,,,,,,,,,,,
,,,,,,,,,,,,,,,,,,,,,,,,,,
,,,,,,,,,,,,,,,,,,,,,,,,,,
,,,,,,,,,,,,,,,,,,,,,,,,,,
,,,,,,,,,,,,,,,,,,,,,,,,,,
,,,,,,,,,,,,,,,,,,,,,,,,,,
,,,,,,,,,,,,,,,,,,,,,,,,,,
,,,,,,,,,,,,,,,,,,,,,,,,,,
,,,,,,,,,,,,,,,,,,,,,,,,,,
,,,,,,,,,,,,,,,,,,,,,,,,,,
,,,,,,,,,,,,,,,,,,,,,,,,,,
,,,,,,,,,,,,,,,,,,,,,,,,,,
,,,,,,,,,,,,,,,,,,,,,,,,,,
,,,,,,,,,,,,,,,,,,,,,,,,,,
,,,,,,,,,,,,,,,,,,,,,,,,,,
,,,,,,,,,,,,,,,,,,,,,,,,,,
,,,,,,,,,,,,,,,,,,,,,,,,,,
,,,,,,,,,,,,,,,,,,,,,,,,,,
,,,,,,,,,,,,,,,,,,,,,,,,,,
,,,,,,,,,,,,,,,,,,,,,,,,,,
,,,,,,,,,,,,,,,,,,,,,,,,,,
,,,,,,,,,,,,,,,,,,,,,,,,,,
,,,,,,,,,,,,,,,,,,,,,,,,,,
,,,,,,,,,,,,,,,,,,,,,,,,,,
,,,,,,,,,,,,,,,,,,,,,,,,,,
,,,,,,,,,,,,,,,,,,,,,,,,,,
,,,,,,,,,,,,,,,,,,,,,,,,,,
,,,,,,,,,,,,,,,,,,,,,,,,,,
,,,,,,,,,,,,,,,,,,,,,,,,,,
,,,,,,,,,,,,,,,,,,,,,,,,,,
,,,,,,,,,,,,,,,,,,,,,,,,,,
,,,,,,,,,,,,,,,,,,,,,,,,,,
,,,,,,,,,,,,,,,,,,,,,,,,,,
,,,,,,,,,,,,,,,,,,,,,,,,,,
,,,,,,,,,,,,,,,,,,,,,,,,,,
,,,,,,,,,,,,,,,,,,,,,,,,,,
,,,,,,,,,,,,,,,,,,,,,,,,,,
,,,,,,,,,,,,,,,,,,,,,,,,,,
,,,,,,,,,,,,,,,,,,,,,,,,,,
,,,,,,,,,,,,,,,,,,,,,,,,,,
,,,,,,,,,,,,,,,,,,,,,,,,,,
,,,,,,,,,,,,,,,,,,,,,,,,,,
,,,,,,,,,,,,,,,,,,,,,,,,,,
,,,,,,,,,,,,,,,,,,,,,,,,,,
,,,,,,,,,,,,,,,,,,,,,,,,,,
,,,,,,,,,,,,,,,,,,,,,,,,,,
,,,,,,,,,,,,,,,,,,,,,,,,,,
,,,,,,,,,,,,,,,,,,,,,,,,,,
,,,,,,,,,,,,,,,,,,,,,,,,,,
,,,,,,,,,,,,,,,,,,,,,,,,,,
,,,,,,,,,,,,,,,,,,,,,,,,,,
,,,,,,,,,,,,,,,,,,,,,,,,,,
,,,,,,,,,,,,,,,,,,,,,,,,,,
,,,,,,,,,,,,,,,,,,,,,,,,,,
,,,,,,,,,,,,,,,,,,,,,,,,,,
,,,,,,,,,,,,,,,,,,,,,,,,,,
,,,,,,,,,,,,,,,,,,,,,,,,,,
,,,,,,,,,,,,,,,,,,,,,,,,,,
,,,,,,,,,,,,,,,,,,,,,,,,,,
,,,,,,,,,,,,,,,,,,,,,,,,,,
,,,,,,,,,,,,,,,,,,,,,,,,,,
,,,,,,,,,,,,,,,,,,,,,,,,,,
,,,,,,,,,,,,,,,,,,,,,,,,,,
,,,,,,,,,,,,,,,,,,,,,,,,,,
,,,,,,,,,,,,,,,,,,,,,,,,,,
,,,,,,,,,,,,,,,,,,,,,,,,,,
,,,,,,,,,,,,,,,,,,,,,,,,,,
,,,,,,,,,,,,,,,,,,,,,,,,,,
,,,,,,,,,,,,,,,,,,,,,,,,,,
,,,,,,,,,,,,,,,,,,,,,,,,,,
,,,,,,,,,,,,,,,,,,,,,,,,,,
,,,,,,,,,,,,,,,,,,,,,,,,,,
,,,,,,,,,,,,,,,,,,,,,,,,,,
,,,,,,,,,,,,,,,,,,,,,,,,,,
,,,,,,,,,,,,,,,,,,,,,,,,,,
,,,,,,,,,,,,,,,,,,,,,,,,,,
,,,,,,,,,,,,,,,,,,,,,,,,,,
,,,,,,,,,,,,,,,,,,,,,,,,,,
,,,,,,,,,,,,,,,,,,,,,,,,,,
,,,,,,,,,,,,,,,,,,,,,,,,,,
,,,,,,,,,,,,,,,,,,,,,,,,,,
,,,,,,,,,,,,,,,,,,,,,,,,,,
,,,,,,,,,,,,,,,,,,,,,,,,,,
,,,,,,,,,,,,,,,,,,,,,,,,,,
,,,,,,,,,,,,,,,,,,,,,,,,,,
,,,,,,,,,,,,,,,,,,,,,,,,,,
,,,,,,,,,,,,,,,,,,,,,,,,,,
,,,,,,,,,,,,,,,,,,,,,,,,,,
,,,,,,,,,,,,,,,,,,,,,,,,,,
,,,,,,,,,,,,,,,,,,,,,,,,,,
,,,,,,,,,,,,,,,,,,,,,,,,,,
,,,,,,,,,,,,,,,,,,,,,,,,,,
,,,,,,,,,,,,,,,,,,,,,,,,,,
,,,,,,,,,,,,,,,,,,,,,,,,,,
,,,,,,,,,,,,,,,,,,,,,,,,,,
,,,,,,,,,,,,,,,,,,,,,,,,,,
,,,,,,,,,,,,,,,,,,,,,,,,,,
,,,,,,,,,,,,,,,,,,,,,,,,,,
,,,,,,,,,,,,,,,,,,,,,,,,,,
,,,,,,,,,,,,,,,,,,,,,,,,,,
,,,,,,,,,,,,,,,,,,,,,,,,,,
,,,,,,,,,,,,,,,,,,,,,,,,,,
,,,,,,,,,,,,,,,,,,,,,,,,,,
,,,,,,,,,,,,,,,,,,,,,,,,,,
,,,,,,,,,,,,,,,,,,,,,,,,,,
,,,,,,,,,,,,,,,,,,,,,,,,,,
,,,,,,,,,,,,,,,,,,,,,,,,,,
,,,,,,,,,,,,,,,,,,,,,,,,,,
,,,,,,,,,,,,,,,,,,,,,,,,,,
,,,,,,,,,,,,,,,,,,,,,,,,,,
,,,,,,,,,,,,,,,,,,,,,,,,,,
,,,,,,,,,,,,,,,,,,,,,,,,,,
,,,,,,,,,,,,,,,,,,,,,,,,,,
,,,,,,,,,,,,,,,,,,,,,,,,,,
,,,,,,,,,,,,,,,,,,,,,,,,,,
,,,,,,,,,,,,,,,,,,,,,,,,,,
,,,,,,,,,,,,,,,,,,,,,,,,,,
,,,,,,,,,,,,,,,,,,,,,,,,,,
,,,,,,,,,,,,,,,,,,,,,,,,,,
,,,,,,,,,,,,,,,,,,,,,,,,,,
,,,,,,,,,,,,,,,,,,,,,,,,,,
,,,,,,,,,,,,,,,,,,,,,,,,,,
,,,,,,,,,,,,,,,,,,,,,,,,,,
,,,,,,,,,,,,,,,,,,,,,,,,,,
,,,,,,,,,,,,,,,,,,,,,,,,,,
,,,,,,,,,,,,,,,,,,,,,,,,,,
,,,,,,,,,,,,,,,,,,,,,,,,,,
,,,,,,,,,,,,,,,,,,,,,,,,,,
,,,,,,,,,,,,,,,,,,,,,,,,,,
,,,,,,,,,,,,,,,,,,,,,,,,,,
,,,,,,,,,,,,,,,,,,,,,,,,,,
,,,,,,,,,,,,,,,,,,,,,,,,,,
,,,,,,,,,,,,,,,,,,,,,,,,,,
,,,,,,,,,,,,,,,,,,,,,,,,,,
,,,,,,,,,,,,,,,,,,,,,,,,,,
,,,,,,,,,,,,,,,,,,,,,,,,,,
,,,,,,,,,,,,,,,,,,,,,,,,,,
,,,,,,,,,,,,,,,,,,,,,,,,,,
,,,,,,,,,,,,,,,,,,,,,,,,,,
,,,,,,,,,,,,,,,,,,,,,,,,,,
,,,,,,,,,,,,,,,,,,,,,,,,,,
,,,,,,,,,,,,,,,,,,,,,,,,,,
,,,,,,,,,,,,,,,,,,,,,,,,,,
,,,,,,,,,,,,,,,,,,,,,,,,,,
,,,,,,,,,,,,,,,,,,,,,,,,,,
,,,,,,,,,,,,,,,,,,,,,,,,,,
,,,,,,,,,,,,,,,,,,,,,,,,,,
,,,,,,,,,,,,,,,,,,,,,,,,,,
,,,,,,,,,,,,,,,,,,,,,,,,,,
,,,,,,,,,,,,,,,,,,,,,,,,,,
,,,,,,,,,,,,,,,,,,,,,,,,,,
,,,,,,,,,,,,,,,,,,,,,,,,,,
,,,,,,,,,,,,,,,,,,,,,,,,,,
,,,,,,,,,,,,,,,,,,,,,,,,,,
,,,,,,,,,,,,,,,,,,,,,,,,,,
,,,,,,,,,,,,,,,,,,,,,,,,,,
,,,,,,,,,,,,,,,,,,,,,,,,,,
,,,,,,,,,,,,,,,,,,,,,,,,,,
,,,,,,,,,,,,,,,,,,,,,,,,,,
,,,,,,,,,,,,,,,,,,,,,,,,,,
,,,,,,,,,,,,,,,,,,,,,,,,,,
,,,,,,,,,,,,,,,,,,,,,,,,,,
,,,,,,,,,,,,,,,,,,,,,,,,,,
,,,,,,,,,,,,,,,,,,,,,,,,,,
,,,,,,,,,,,,,,,,,,,,,,,,,,
,,,,,,,,,,,,,,,,,,,,,,,,,,
,,,,,,,,,,,,,,,,,,,,,,,,,,
,,,,,,,,,,,,,,,,,,,,,,,,,,
,,,,,,,,,,,,,,,,,,,,,,,,,,
,,,,,,,,,,,,,,,,,,,,,,,,,,
,,,,,,,,,,,,,,,,,,,,,,,,,,
,,,,,,,,,,,,,,,,,,,,,,,,,,
,,,,,,,,,,,,,,,,,,,,,,,,,,
,,,,,,,,,,,,,,,,,,,,,,,,,,
,,,,,,,,,,,,,,,,,,,,,,,,,,
,,,,,,,,,,,,,,,,,,,,,,,,,,
,,,,,,,,,,,,,,,,,,,,,,,,,,
,,,,,,,,,,,,,,,,,,,,,,,,,,
,,,,,,,,,,,,,,,,,,,,,,,,,,
,,,,,,,,,,,,,,,,,,,,,,,,,,
,,,,,,,,,,,,,,,,,,,,,,,,,,
,,,,,,,,,,,,,,,,,,,,,,,,,,
,,,,,,,,,,,,,,,,,,,,,,,,,,
,,,,,,,,,,,,,,,,,,,,,,,,,,
,,,,,,,,,,,,,,,,,,,,,,,,,,
,,,,,,,,,,,,,,,,,,,,,,,,,,
,,,,,,,,,,,,,,,,,,,,,,,,,,
,,,,,,,,,,,,,,,,,,,,,,,,,,
,,,,,,,,,,,,,,,,,,,,,,,,,,
,,,,,,,,,,,,,,,,,,,,,,,,,,
,,,,,,,,,,,,,,,,,,,,,,,,,,
,,,,,,,,,,,,,,,,,,,,,,,,,,
,,,,,,,,,,,,,,,,,,,,,,,,,,
,,,,,,,,,,,,,,,,,,,,,,,,,,
,,,,,,,,,,,,,,,,,,,,,,,,,,
,,,,,,,,,,,,,,,,,,,,,,,,,,
,,,,,,,,,,,,,,,,,,,,,,,,,,
,,,,,,,,,,,,,,,,,,,,,,,,,,
,,,,,,,,,,,,,,,,,,,,,,,,,,
,,,,,,,,,,,,,,,,,,,,,,,,,,
,,,,,,,,,,,,,,,,,,,,,,,,,,
,,,,,,,,,,,,,,,,,,,,,,,,,,
,,,,,,,,,,,,,,,,,,,,,,,,,,
,,,,,,,,,,,,,,,,,,,,,,,,,,
,,,,,,,,,,,,,,,,,,,,,,,,,,
,,,,,,,,,,,,,,,,,,,,,,,,,,
,,,,,,,,,,,,,,,,,,,,,,,,,,
,,,,,,,,,,,,,,,,,,,,,,,,,,
,,,,,,,,,,,,,,,,,,,,,,,,,,
,,,,,,,,,,,,,,,,,,,,,,,,,,
,,,,,,,,,,,,,,,,,,,,,,,,,,
,,,,,,,,,,,,,,,,,,,,,,,,,,
,,,,,,,,,,,,,,,,,,,,,,,,,,
,,,,,,,,,,,,,,,,,,,,,,,,,,
,,,,,,,,,,,,,,,,,,,,,,,,,,
,,,,,,,,,,,,,,,,,,,,,,,,,,
,,,,,,,,,,,,,,,,,,,,,,,,,,
,,,,,,,,,,,,,,,,,,,,,,,,,,
,,,,,,,,,,,,,,,,,,,,,,,,,,
,,,,,,,,,,,,,,,,,,,,,,,,,,
,,,,,,,,,,,,,,,,,,,,,,,,,,
,,,,,,,,,,,,,,,,,,,,,,,,,,
,,,,,,,,,,,,,,,,,,,,,,,,,,
,,,,,,,,,,,,,,,,,,,,,,,,,,
,,,,,,,,,,,,,,,,,,,,,,,,,,
,,,,,,,,,,,,,,,,,,,,,,,,,,
,,,,,,,,,,,,,,,,,,,,,,,,,,
,,,,,,,,,,,,,,,,,,,,,,,,,,
,,,,,,,,,,,,,,,,,,,,,,,,,,
,,,,,,,,,,,,,,,,,,,,,,,,,,
,,,,,,,,,,,,,,,,,,,,,,,,,,
,,,,,,,,,,,,,,,,,,,,,,,,,,
,,,,,,,,,,,,,,,,,,,,,,,,,,
,,,,,,,,,,,,,,,,,,,,,,,,,,
,,,,,,,,,,,,,,,,,,,,,,,,,,
,,,,,,,,,,,,,,,,,,,,,,,,,,
,,,,,,,,,,,,,,,,,,,,,,,,,,
,,,,,,,,,,,,,,,,,,,,,,,,,,
,,,,,,,,,,,,,,,,,,,,,,,,,,
,,,,,,,,,,,,,,,,,,,,,,,,,,
,,,,,,,,,,,,,,,,,,,,,,,,,,
,,,,,,,,,,,,,,,,,,,,,,,,,,
,,,,,,,,,,,,,,,,,,,,,,,,,,
,,,,,,,,,,,,,,,,,,,,,,,,,,
,,,,,,,,,,,,,,,,,,,,,,,,,,
,,,,,,,,,,,,,,,,,,,,,,,,,,
,,,,,,,,,,,,,,,,,,,,,,,,,,
,,,,,,,,,,,,,,,,,,,,,,,,,,
,,,,,,,,,,,,,,,,,,,,,,,,,,
,,,,,,,,,,,,,,,,,,,,,,,,,,
,,,,,,,,,,,,,,,,,,,,,,,,,,
,,,,,,,,,,,,,,,,,,,,,,,,,,
,,,,,,,,,,,,,,,,,,,,,,,,,,
,,,,,,,,,,,,,,,,,,,,,,,,,,
,,,,,,,,,,,,,,,,,,,,,,,,,,
,,,,,,,,,,,,,,,,,,,,,,,,,,
,,,,,,,,,,,,,,,,,,,,,,,,,,
,,,,,,,,,,,,,,,,,,,,,,,,,,
,,,,,,,,,,,,,,,,,,,,,,,,,,
,,,,,,,,,,,,,,,,,,,,,,,,,,
,,,,,,,,,,,,,,,,,,,,,,,,,,
,,,,,,,,,,,,,,,,,,,,,,,,,,
,,,,,,,,,,,,,,,,,,,,,,,,,,
,,,,,,,,,,,,,,,,,,,,,,,,,,
,,,,,,,,,,,,,,,,,,,,,,,,,,
,,,,,,,,,,,,,,,,,,,,,,,,,,
,,,,,,,,,,,,,,,,,,,,,,,,,,
,,,,,,,,,,,,,,,,,,,,,,,,,,
,,,,,,,,,,,,,,,,,,,,,,,,,,
,,,,,,,,,,,,,,,,,,,,,,,,,,
,,,,,,,,,,,,,,,,,,,,,,,,,,
,,,,,,,,,,,,,,,,,,,,,,,,,,
,,,,,,,,,,,,,,,,,,,,,,,,,,
,,,,,,,,,,,,,,,,,,,,,,,,,,
,,,,,,,,,,,,,,,,,,,,,,,,,,
,,,,,,,,,,,,,,,,,,,,,,,,,,
,,,,,,,,,,,,,,,,,,,,,,,,,,
,,,,,,,,,,,,,,,,,,,,,,,,,,
,,,,,,,,,,,,,,,,,,,,,,,,,,
,,,,,,,,,,,,,,,,,,,,,,,,,,
,,,,,,,,,,,,,,,,,,,,,,,,,,
,,,,,,,,,,,,,,,,,,,,,,,,,,
,,,,,,,,,,,,,,,,,,,,,,,,,,
,,,,,,,,,,,,,,,,,,,,,,,,,,
,,,,,,,,,,,,,,,,,,,,,,,,,,
,,,,,,,,,,,,,,,,,,,,,,,,,,
,,,,,,,,,,,,,,,,,,,,,,,,,,
,,,,,,,,,,,,,,,,,,,,,,,,,,
,,,,,,,,,,,,,,,,,,,,,,,,,,
,,,,,,,,,,,,,,,,,,,,,,,,,,
,,,,,,,,,,,,,,,,,,,,,,,,,,
,,,,,,,,,,,,,,,,,,,,,,,,,,
,,,,,,,,,,,,,,,,,,,,,,,,,,
,,,,,,,,,,,,,,,,,,,,,,,,,,
,,,,,,,,,,,,,,,,,,,,,,,,,,
,,,,,,,,,,,,,,,,,,,,,,,,,,
,,,,,,,,,,,,,,,,,,,,,,,,,,
,,,,,,,,,,,,,,,,,,,,,,,,,,
,,,,,,,,,,,,,,,,,,,,,,,,,,
,,,,,,,,,,,,,,,,,,,,,,,,,,
,,,,,,,,,,,,,,,,,,,,,,,,,,
,,,,,,,,,,,,,,,,,,,,,,,,,,
,,,,,,,,,,,,,,,,,,,,,,,,,,
,,,,,,,,,,,,,,,,,,,,,,,,,,
,,,,,,,,,,,,,,,,,,,,,,,,,,
,,,,,,,,,,,,,,,,,,,,,,,,,,
,,,,,,,,,,,,,,,,,,,,,,,,,,
,,,,,,,,,,,,,,,,,,,,,,,,,,
,,,,,,,,,,,,,,,,,,,,,,,,,,
,,,,,,,,,,,,,,,,,,,,,,,,,,
,,,,,,,,,,,,,,,,,,,,,,,,,,
,,,,,,,,,,,,,,,,,,,,,,,,,,
,,,,,,,,,,,,,,,,,,,,,,,,,,
,,,,,,,,,,,,,,,,,,,,,,,,,,
,,,,,,,,,,,,,,,,,,,,,,,,,,
,,,,,,,,,,,,,,,,,,,,,,,,,,
,,,,,,,,,,,,,,,,,,,,,,,,,,
,,,,,,,,,,,,,,,,,,,,,,,,,,
,,,,,,,,,,,,,,,,,,,,,,,,,,
,,,,,,,,,,,,,,,,,,,,,,,,,,
,,,,,,,,,,,,,,,,,,,,,,,,,,
,,,,,,,,,,,,,,,,,,,,,,,,,,
,,,,,,,,,,,,,,,,,,,,,,,,,,
,,,,,,,,,,,,,,,,,,,,,,,,,,
,,,,,,,,,,,,,,,,,,,,,,,,,,
,,,,,,,,,,,,,,,,,,,,,,,,,,
,,,,,,,,,,,,,,,,,,,,,,,,,,
,,,,,,,,,,,,,,,,,,,,,,,,,,
,,,,,,,,,,,,,,,,,,,,,,,,,,
,,,,,,,,,,,,,,,,,,,,,,,,,,
,,,,,,,,,,,,,,,,,,,,,,,,,,
,,,,,,,,,,,,,,,,,,,,,,,,,,
,,,,,,,,,,,,,,,,,,,,,,,,,,
,,,,,,,,,,,,,,,,,,,,,,,,,,
,,,,,,,,,,,,,,,,,,,,,,,,,,
,,,,,,,,,,,,,,,,,,,,,,,,,,
,,,,,,,,,,,,,,,,,,,,,,,,,,
,,,,,,,,,,,,,,,,,,,,,,,,,,
,,,,,,,,,,,,,,,,,,,,,,,,,,
,,,,,,,,,,,,,,,,,,,,,,,,,,
,,,,,,,,,,,,,,,,,,,,,,,,,,
,,,,,,,,,,,,,,,,,,,,,,,,,,
,,,,,,,,,,,,,,,,,,,,,,,,,,
,,,,,,,,,,,,,,,,,,,,,,,,,,
,,,,,,,,,,,,,,,,,,,,,,,,,,
,,,,,,,,,,,,,,,,,,,,,,,,,,
,,,,,,,,,,,,,,,,,,,,,,,,,,
,,,,,,,,,,,,,,,,,,,,,,,,,,
,,,,,,,,,,,,,,,,,,,,,,,,,,
,,,,,,,,,,,,,,,,,,,,,,,,,,
,,,,,,,,,,,,,,,,,,,,,,,,,,
,,,,,,,,,,,,,,,,,,,,,,,,,,
,,,,,,,,,,,,,,,,,,,,,,,,,,
,,,,,,,,,,,,,,,,,,,,,,,,,,
,,,,,,,,,,,,,,,,,,,,,,,,,,
,,,,,,,,,,,,,,,,,,,,,,,,,,
,,,,,,,,,,,,,,,,,,,,,,,,,,
,,,,,,,,,,,,,,,,,,,,,,,,,,
,,,,,,,,,,,,,,,,,,,,,,,,,,
,,,,,,,,,,,,,,,,,,,,,,,,,,
,,,,,,,,,,,,,,,,,,,,,,,,,,
,,,,,,,,,,,,,,,,,,,,,,,,,,
,,,,,,,,,,,,,,,,,,,,,,,,,,
,,,,,,,,,,,,,,,,,,,,,,,,,,
,,,,,,,,,,,,,,,,,,,,,,,,,,
,,,,,,,,,,,,,,,,,,,,,,,,,,
,,,,,,,,,,,,,,,,,,,,,,,,,,
,,,,,,,,,,,,,,,,,,,,,,,,,,
,,,,,,,,,,,,,,,,,,,,,,,,,,
,,,,,,,,,,,,,,,,,,,,,,,,,,
,,,,,,,,,,,,,,,,,,,,,,,,,,
,,,,,,,,,,,,,,,,,,,,,,,,,,
,,,,,,,,,,,,,,,,,,,,,,,,,,
,,,,,,,,,,,,,,,,,,,,,,,,,,
,,,,,,,,,,,,,,,,,,,,,,,,,,
,,,,,,,,,,,,,,,,,,,,,,,,,,
,,,,,,,,,,,,,,,,,,,,,,,,,,
,,,,,,,,,,,,,,,,,,,,,,,,,,
,,,,,,,,,,,,,,,,,,,,,,,,,,
,,,,,,,,,,,,,,,,,,,,,,,,,,
,,,,,,,,,,,,,,,,,,,,,,,,,,
,,,,,,,,,,,,,,,,,,,,,,,,,,
,,,,,,,,,,,,,,,,,,,,,,,,,,
,,,,,,,,,,,,,,,,,,,,,,,,,,
,,,,,,,,,,,,,,,,,,,,,,,,,,
,,,,,,,,,,,,,,,,,,,,,,,,,,
,,,,,,,,,,,,,,,,,,,,,,,,,,
,,,,,,,,,,,,,,,,,,,,,,,,,,
,,,,,,,,,,,,,,,,,,,,,,,,,,
,,,,,,,,,,,,,,,,,,,,,,,,,,
,,,,,,,,,,,,,,,,,,,,,,,,,,
,,,,,,,,,,,,,,,,,,,,,,,,,,
,,,,,,,,,,,,,,,,,,,,,,,,,,
,,,,,,,,,,,,,,,,,,,,,,,,,,
,,,,,,,,,,,,,,,,,,,,,,,,,,
,,,,,,,,,,,,,,,,,,,,,,,,,,
,,,,,,,,,,,,,,,,,,,,,,,,,,
,,,,,,,,,,,,,,,,,,,,,,,,,,
,,,,,,,,,,,,,,,,,,,,,,,,,,
,,,,,,,,,,,,,,,,,,,,,,,,,,
,,,,,,,,,,,,,,,,,,,,,,,,,,
,,,,,,,,,,,,,,,,,,,,,,,,,,
,,,,,,,,,,,,,,,,,,,,,,,,,,
,,,,,,,,,,,,,,,,,,,,,,,,,,
,,,,,,,,,,,,,,,,,,,,,,,,,,
,,,,,,,,,,,,,,,,,,,,,,,,,,
,,,,,,,,,,,,,,,,,,,,,,,,,,
,,,,,,,,,,,,,,,,,,,,,,,,,,
,,,,,,,,,,,,,,,,,,,,,,,,,,
,,,,,,,,,,,,,,,,,,,,,,,,,,
,,,,,,,,,,,,,,,,,,,,,,,,,,
,,,,,,,,,,,,,,,,,,,,,,,,,,
,,,,,,,,,,,,,,,,,,,,,,,,,,
,,,,,,,,,,,,,,,,,,,,,,,,,,
,,,,,,,,,,,,,,,,,,,,,,,,,,
,,,,,,,,,,,,,,,,,,,,,,,,,,
,,,,,,,,,,,,,,,,,,,,,,,,,,
,,,,,,,,,,,,,,,,,,,,,,,,,,
,,,,,,,,,,,,,,,,,,,,,,,,,,
,,,,,,,,,,,,,,,,,,,,,,,,,,
,,,,,,,,,,,,,,,,,,,,,,,,,,
,,,,,,,,,,,,,,,,,,,,,,,,,,
,,,,,,,,,,,,,,,,,,,,,,,,,,
,,,,,,,,,,,,,,,,,,,,,,,,,,
,,,,,,,,,,,,,,,,,,,,,,,,,,
,,,,,,,,,,,,,,,,,,,,,,,,,,
,,,,,,,,,,,,,,,,,,,,,,,,,,
,,,,,,,,,,,,,,,,,,,,,,,,,,
,,,,,,,,,,,,,,,,,,,,,,,,,,
,,,,,,,,,,,,,,,,,,,,,,,,,,
,,,,,,,,,,,,,,,,,,,,,,,,,,
,,,,,,,,,,,,,,,,,,,,,,,,,,
,,,,,,,,,,,,,,,,,,,,,,,,,,
,,,,,,,,,,,,,,,,,,,,,,,,,,
,,,,,,,,,,,,,,,,,,,,,,,,,,
,,,,,,,,,,,,,,,,,,,,,,,,,,
,,,,,,,,,,,,,,,,,,,,,,,,,,
,,,,,,,,,,,,,,,,,,,,,,,,,,
,,,,,,,,,,,,,,,,,,,,,,,,,,
,,,,,,,,,,,,,,,,,,,,,,,,,,
,,,,,,,,,,,,,,,,,,,,,,,,,,
,,,,,,,,,,,,,,,,,,,,,,,,,,
,,,,,,,,,,,,,,,,,,,,,,,,,,
,,,,,,,,,,,,,,,,,,,,,,,,,,
,,,,,,,,,,,,,,,,,,,,,,,,,,
,,,,,,,,,,,,,,,,,,,,,,,,,,
,,,,,,,,,,,,,,,,,,,,,,,,,,
,,,,,,,,,,,,,,,,,,,,,,,,,,
,,,,,,,,,,,,,,,,,,,,,,,,,,
,,,,,,,,,,,,,,,,,,,,,,,,,,
,,,,,,,,,,,,,,,,,,,,,,,,,,
,,,,,,,,,,,,,,,,,,,,,,,,,,
,,,,,,,,,,,,,,,,,,,,,,,,,,
,,,,,,,,,,,,,,,,,,,,,,,,,,
,,,,,,,,,,,,,,,,,,,,,,,,,,
,,,,,,,,,,,,,,,,,,,,,,,,,,
,,,,,,,,,,,,,,,,,,,,,,,,,,
,,,,,,,,,,,,,,,,,,,,,,,,,,
,,,,,,,,,,,,,,,,,,,,,,,,,,
,,,,,,,,,,,,,,,,,,,,,,,,,,
,,,,,,,,,,,,,,,,,,,,,,,,,,
,,,,,,,,,,,,,,,,,,,,,,,,,,
,,,,,,,,,,,,,,,,,,,,,,,,,,
,,,,,,,,,,,,,,,,,,,,,,,,,,
,,,,,,,,,,,,,,,,,,,,,,,,,,
,,,,,,,,,,,,,,,,,,,,,,,,,,
,,,,,,,,,,,,,,,,,,,,,,,,,,
,,,,,,,,,,,,,,,,,,,,,,,,,,
,,,,,,,,,,,,,,,,,,,,,,,,,,
,,,,,,,,,,,,,,,,,,,,,,,,,,
,,,,,,,,,,,,,,,,,,,,,,,,,,
,,,,,,,,,,,,,,,,,,,,,,,,,,
,,,,,,,,,,,,,,,,,,,,,,,,,,
,,,,,,,,,,,,,,,,,,,,,,,,,,
,,,,,,,,,,,,,,,,,,,,,,,,,,
,,,,,,,,,,,,,,,,,,,,,,,,,,
,,,,,,,,,,,,,,,,,,,,,,,,,,
,,,,,,,,,,,,,,,,,,,,,,,,,,
,,,,,,,,,,,,,,,,,,,,,,,,,,
,,,,,,,,,,,,,,,,,,,,,,,,,,
,,,,,,,,,,,,,,,,,,,,,,,,,,
,,,,,,,,,,,,,,,,,,,,,,,,,,
,,,,,,,,,,,,,,,,,,,,,,,,,,
,,,,,,,,,,,,,,,,,,,,,,,,,,